TIC,period_d,epoch,tc_BJD_TDB,tc_UTC,sigma_min,duration_h,tess_sector
286763141,5.244548,530,2461326.4634,2026-10-12 23:06,9.2,1.85,
286763141,5.244548,531,2461331.708,2026-10-18 04:58,9.2,1.85,
286763141,5.244548,532,2461336.9525,2026-10-23 10:50,9.2,1.85,
286763141,5.244548,533,2461342.1971,2026-10-28 16:42,9.2,1.85,
286763141,5.244548,534,2461347.4416,2026-11-02 22:34,9.2,1.85,110
286763141,5.244548,535,2461352.6862,2026-11-08 04:26,9.3,1.85,110
286763141,5.244548,536,2461357.9307,2026-11-13 10:19,9.3,1.85,110
286763141,5.244548,537,2461363.1752,2026-11-18 16:11,9.3,1.85,110
286763141,5.244548,538,2461368.4198,2026-11-23 22:03,9.3,1.85,110
286763141,5.244548,539,2461373.6643,2026-11-29 03:55,9.3,1.85,
286763141,5.244548,540,2461378.9089,2026-12-04 09:47,9.3,1.85,
286763141,5.244548,541,2461384.1534,2026-12-09 15:39,9.3,1.85,
286763141,5.244548,542,2461389.398,2026-12-14 21:31,9.4,1.85,
286763141,5.244548,543,2461394.6425,2026-12-20 03:24,9.4,1.85,
286763141,5.244548,544,2461399.8871,2026-12-25 09:16,9.4,1.85,
286763141,5.244548,545,2461405.1316,2026-12-30 15:08,9.4,1.85,
286763141,5.244548,546,2461410.3762,2027-01-04 21:00,9.4,1.85,
286763141,5.244548,547,2461415.6207,2027-01-10 02:52,9.4,1.85,
286763141,5.244548,548,2461420.8653,2027-01-15 08:44,9.4,1.85,
286763141,5.244548,549,2461426.1098,2027-01-20 14:36,9.4,1.85,
286763141,5.244548,550,2461431.3544,2027-01-25 20:29,9.5,1.85,
286763141,5.244548,551,2461436.5989,2027-01-31 02:21,9.5,1.85,
286763141,5.244548,552,2461441.8435,2027-02-05 08:13,9.5,1.85,
286763141,5.244548,553,2461447.088,2027-02-10 14:05,9.5,1.85,
286763141,5.244548,554,2461452.3326,2027-02-15 19:57,9.5,1.85,
286763141,5.244548,555,2461457.5771,2027-02-21 01:49,9.5,1.85,
286763141,5.244548,556,2461462.8217,2027-02-26 07:42,9.5,1.85,
286763141,5.244548,557,2461468.0662,2027-03-03 13:34,9.6,1.85,
286763141,5.244548,558,2461473.3107,2027-03-08 19:26,9.6,1.85,
286763141,5.244548,559,2461478.5553,2027-03-14 01:18,9.6,1.85,
286763141,5.244548,560,2461483.7998,2027-03-19 07:10,9.6,1.85,
286763141,5.244548,561,2461489.0444,2027-03-24 13:02,9.6,1.85,
286763141,5.244548,562,2461494.2889,2027-03-29 18:54,9.6,1.85,
286763141,5.244548,563,2461499.5335,2027-04-04 00:47,9.6,1.85,
286763141,5.244548,564,2461504.778,2027-04-09 06:39,9.7,1.85,
286763141,5.244548,565,2461510.0226,2027-04-14 12:31,9.7,1.85,
286763141,5.244548,566,2461515.2671,2027-04-19 18:23,9.7,1.85,
286763141,5.244548,567,2461520.5117,2027-04-25 00:15,9.7,1.85,
286763141,5.244548,568,2461525.7562,2027-04-30 06:07,9.7,1.85,
286763141,5.244548,569,2461531.0008,2027-05-05 11:59,9.7,1.85,
286763141,5.244548,570,2461536.2453,2027-05-10 17:52,9.7,1.85,
286763141,5.244548,571,2461541.4899,2027-05-15 23:44,9.7,1.85,
286763141,5.244548,572,2461546.7344,2027-05-21 05:36,9.8,1.85,
286763141,5.244548,573,2461551.979,2027-05-26 11:28,9.8,1.85,
286763141,5.244548,574,2461557.2235,2027-05-31 17:20,9.8,1.85,
286763141,5.244548,575,2461562.4681,2027-06-05 23:12,9.8,1.85,
286763141,5.244548,576,2461567.7126,2027-06-11 05:05,9.8,1.85,
286763141,5.244548,577,2461572.9572,2027-06-16 10:57,9.8,1.85,
286763141,5.244548,578,2461578.2017,2027-06-21 16:49,9.8,1.85,
286763141,5.244548,579,2461583.4463,2027-06-26 22:41,9.9,1.85,
231725883,9.098778,320,2461328.4809,2026-10-14 23:31,7.5,2.8,
231725883,9.098778,321,2461337.5797,2026-10-24 01:53,7.5,2.8,
231725883,9.098778,322,2461346.6785,2026-11-02 04:15,7.5,2.8,
231725883,9.098778,323,2461355.7773,2026-11-11 06:38,7.6,2.8,
231725883,9.098778,324,2461364.876,2026-11-20 09:00,7.6,2.8,
231725883,9.098778,325,2461373.9748,2026-11-29 11:22,7.6,2.8,
231725883,9.098778,326,2461383.0736,2026-12-08 13:44,7.6,2.8,
231725883,9.098778,327,2461392.1724,2026-12-17 16:07,7.6,2.8,
231725883,9.098778,328,2461401.2712,2026-12-26 18:29,7.7,2.8,
231725883,9.098778,329,2461410.3699,2027-01-04 20:51,7.7,2.8,
231725883,9.098778,330,2461419.4687,2027-01-13 23:13,7.7,2.8,
231725883,9.098778,331,2461428.5675,2027-01-23 01:36,7.7,2.8,
231725883,9.098778,332,2461437.6663,2027-02-01 03:58,7.7,2.8,
231725883,9.098778,333,2461446.765,2027-02-10 06:20,7.8,2.8,
231725883,9.098778,334,2461455.8638,2027-02-19 08:42,7.8,2.8,
231725883,9.098778,335,2461464.9626,2027-02-28 11:04,7.8,2.8,
231725883,9.098778,336,2461474.0614,2027-03-09 13:27,7.8,2.8,
231725883,9.098778,337,2461483.1602,2027-03-18 15:49,7.8,2.8,
231725883,9.098778,338,2461492.2589,2027-03-27 18:11,7.9,2.8,
231725883,9.098778,339,2461501.3577,2027-04-05 20:33,7.9,2.8,
231725883,9.098778,340,2461510.4565,2027-04-14 22:56,7.9,2.8,
231725883,9.098778,341,2461519.5553,2027-04-24 01:18,7.9,2.8,
231725883,9.098778,342,2461528.654,2027-05-03 03:40,7.9,2.8,
231725883,9.098778,343,2461537.7528,2027-05-12 06:02,7.9,2.8,
231725883,9.098778,344,2461546.8516,2027-05-21 08:25,8.0,2.8,
231725883,9.098778,345,2461555.9504,2027-05-30 10:47,8.0,2.8,
231725883,9.098778,346,2461565.0492,2027-06-08 13:09,8.0,2.8,
231725883,9.098778,347,2461574.1479,2027-06-17 15:31,8.0,2.8,
231725883,9.098778,348,2461583.2467,2027-06-26 17:54,8.0,2.8,
354944123,18.908204,140,2461322.6814,2026-10-09 04:20,11.9,2.46,
354944123,18.908204,141,2461341.5896,2026-10-28 02:07,12.0,2.46,
354944123,18.908204,142,2461360.4978,2026-11-15 23:55,12.0,2.46,
354944123,18.908204,143,2461379.406,2026-12-04 21:43,12.1,2.46,
354944123,18.908204,144,2461398.3142,2026-12-23 19:31,12.2,2.46,
354944123,18.908204,145,2461417.2224,2027-01-11 17:19,12.2,2.46,
354944123,18.908204,146,2461436.1306,2027-01-30 15:06,12.3,2.46,
354944123,18.908204,147,2461455.0388,2027-02-18 12:54,12.3,2.46,
354944123,18.908204,148,2461473.947,2027-03-09 10:42,12.4,2.46,
354944123,18.908204,149,2461492.8552,2027-03-28 08:30,12.5,2.46,
354944123,18.908204,150,2461511.7634,2027-04-16 06:18,12.5,2.46,
354944123,18.908204,151,2461530.6716,2027-05-05 04:06,12.6,2.46,
354944123,18.908204,152,2461549.5799,2027-05-24 01:53,12.7,2.46,
354944123,18.908204,153,2461568.4881,2027-06-11 23:41,12.7,2.46,
61816225,12.777032,158,2461333.9773,2026-10-20 11:26,9.1,3.05,
61816225,12.777032,159,2461346.7543,2026-11-02 06:05,9.1,3.05,
61816225,12.777032,160,2461359.5314,2026-11-15 00:44,9.2,3.05,
61816225,12.777032,161,2461372.3084,2026-11-27 19:22,9.2,3.05,
61816225,12.777032,162,2461385.0854,2026-12-10 14:01,9.2,3.05,
61816225,12.777032,163,2461397.8625,2026-12-23 08:40,9.3,3.05,
61816225,12.777032,164,2461410.6395,2027-01-05 03:19,9.3,3.05,
61816225,12.777032,165,2461423.4165,2027-01-17 21:58,9.4,3.05,
61816225,12.777032,166,2461436.1936,2027-01-30 16:37,9.4,3.05,
61816225,12.777032,167,2461448.9706,2027-02-12 11:16,9.4,3.05,
61816225,12.777032,168,2461461.7476,2027-02-25 05:55,9.5,3.05,
61816225,12.777032,169,2461474.5247,2027-03-10 00:34,9.5,3.05,
61816225,12.777032,170,2461487.3017,2027-03-22 19:13,9.6,3.05,
61816225,12.777032,171,2461500.0787,2027-04-04 13:52,9.6,3.05,
61816225,12.777032,172,2461512.8558,2027-04-17 08:31,9.6,3.05,
61816225,12.777032,173,2461525.6328,2027-04-30 03:10,9.7,3.05,
61816225,12.777032,174,2461538.4098,2027-05-12 21:48,9.7,3.05,
61816225,12.777032,175,2461551.1869,2027-05-25 16:27,9.8,3.05,
61816225,12.777032,176,2461563.9639,2027-06-07 11:06,9.8,3.05,
61816225,12.777032,177,2461576.7409,2027-06-20 05:45,9.8,3.05,
458191673,2.570687,1070,2461321.8477,2026-10-08 08:19,5.0,1.68,
458191673,2.570687,1071,2461324.4184,2026-10-10 22:01,5.0,1.68,
458191673,2.570687,1072,2461326.9891,2026-10-13 11:43,5.0,1.68,
458191673,2.570687,1073,2461329.5598,2026-10-16 01:24,5.0,1.68,
458191673,2.570687,1074,2461332.1305,2026-10-18 15:06,5.0,1.68,
458191673,2.570687,1075,2461334.7012,2026-10-21 04:48,5.0,1.68,
458191673,2.570687,1076,2461337.2719,2026-10-23 18:30,5.0,1.68,
458191673,2.570687,1077,2461339.8425,2026-10-26 08:12,5.0,1.68,
458191673,2.570687,1078,2461342.4132,2026-10-28 21:53,5.0,1.68,
458191673,2.570687,1079,2461344.9839,2026-10-31 11:35,5.0,1.68,
458191673,2.570687,1080,2461347.5546,2026-11-03 01:17,5.0,1.68,
458191673,2.570687,1081,2461350.1253,2026-11-05 14:59,5.0,1.68,
458191673,2.570687,1082,2461352.696,2026-11-08 04:41,5.0,1.68,
458191673,2.570687,1083,2461355.2667,2026-11-10 18:22,5.0,1.68,
458191673,2.570687,1084,2461357.8374,2026-11-13 08:04,5.0,1.68,
458191673,2.570687,1085,2461360.408,2026-11-15 21:46,5.0,1.68,
458191673,2.570687,1086,2461362.9787,2026-11-18 11:28,5.0,1.68,
458191673,2.570687,1087,2461365.5494,2026-11-21 01:10,5.0,1.68,
458191673,2.570687,1088,2461368.1201,2026-11-23 14:51,5.1,1.68,
458191673,2.570687,1089,2461370.6908,2026-11-26 04:33,5.1,1.68,
458191673,2.570687,1090,2461373.2615,2026-11-28 18:15,5.1,1.68,
458191673,2.570687,1091,2461375.8322,2026-12-01 07:57,5.1,1.68,
458191673,2.570687,1092,2461378.4029,2026-12-03 21:38,5.1,1.68,
458191673,2.570687,1093,2461380.9735,2026-12-06 11:20,5.1,1.68,
458191673,2.570687,1094,2461383.5442,2026-12-09 01:02,5.1,1.68,
458191673,2.570687,1095,2461386.1149,2026-12-11 14:44,5.1,1.68,
458191673,2.570687,1096,2461388.6856,2026-12-14 04:26,5.1,1.68,
458191673,2.570687,1097,2461391.2563,2026-12-16 18:07,5.1,1.68,
458191673,2.570687,1098,2461393.827,2026-12-19 07:49,5.1,1.68,
458191673,2.570687,1099,2461396.3977,2026-12-21 21:31,5.1,1.68,
458191673,2.570687,1100,2461398.9684,2026-12-24 11:13,5.1,1.68,
458191673,2.570687,1101,2461401.539,2026-12-27 00:55,5.1,1.68,
458191673,2.570687,1102,2461404.1097,2026-12-29 14:36,5.1,1.68,
458191673,2.570687,1103,2461406.6804,2027-01-01 04:18,5.1,1.68,
458191673,2.570687,1104,2461409.2511,2027-01-03 18:00,5.1,1.68,
458191673,2.570687,1105,2461411.8218,2027-01-06 07:42,5.1,1.68,
458191673,2.570687,1106,2461414.3925,2027-01-08 21:24,5.1,1.68,
458191673,2.570687,1107,2461416.9632,2027-01-11 11:05,5.1,1.68,
458191673,2.570687,1108,2461419.5339,2027-01-14 00:47,5.1,1.68,
458191673,2.570687,1109,2461422.1045,2027-01-16 14:29,5.1,1.68,
458191673,2.570687,1110,2461424.6752,2027-01-19 04:11,5.1,1.68,
458191673,2.570687,1111,2461427.2459,2027-01-21 17:52,5.1,1.68,
458191673,2.570687,1112,2461429.8166,2027-01-24 07:34,5.1,1.68,
458191673,2.570687,1113,2461432.3873,2027-01-26 21:16,5.1,1.68,
458191673,2.570687,1114,2461434.958,2027-01-29 10:58,5.1,1.68,
458191673,2.570687,1115,2461437.5287,2027-02-01 00:40,5.1,1.68,
458191673,2.570687,1116,2461440.0994,2027-02-03 14:21,5.1,1.68,
458191673,2.570687,1117,2461442.67,2027-02-06 04:03,5.1,1.68,
458191673,2.570687,1118,2461445.2407,2027-02-08 17:45,5.2,1.68,
458191673,2.570687,1119,2461447.8114,2027-02-11 07:27,5.2,1.68,
458191673,2.570687,1120,2461450.3821,2027-02-13 21:09,5.2,1.68,
458191673,2.570687,1121,2461452.9528,2027-02-16 10:50,5.2,1.68,
458191673,2.570687,1122,2461455.5235,2027-02-19 00:32,5.2,1.68,
458191673,2.570687,1123,2461458.0942,2027-02-21 14:14,5.2,1.68,
458191673,2.570687,1124,2461460.6648,2027-02-24 03:56,5.2,1.68,
458191673,2.570687,1125,2461463.2355,2027-02-26 17:38,5.2,1.68,
458191673,2.570687,1126,2461465.8062,2027-03-01 07:19,5.2,1.68,
458191673,2.570687,1127,2461468.3769,2027-03-03 21:01,5.2,1.68,
458191673,2.570687,1128,2461470.9476,2027-03-06 10:43,5.2,1.68,
458191673,2.570687,1129,2461473.5183,2027-03-09 00:25,5.2,1.68,
458191673,2.570687,1130,2461476.089,2027-03-11 14:06,5.2,1.68,
458191673,2.570687,1131,2461478.6597,2027-03-14 03:48,5.2,1.68,
458191673,2.570687,1132,2461481.2303,2027-03-16 17:30,5.2,1.68,
458191673,2.570687,1133,2461483.801,2027-03-19 07:12,5.2,1.68,
458191673,2.570687,1134,2461486.3717,2027-03-21 20:54,5.2,1.68,
458191673,2.570687,1135,2461488.9424,2027-03-24 10:35,5.2,1.68,
458191673,2.570687,1136,2461491.5131,2027-03-27 00:17,5.2,1.68,
458191673,2.570687,1137,2461494.0838,2027-03-29 13:59,5.2,1.68,
458191673,2.570687,1138,2461496.6545,2027-04-01 03:41,5.2,1.68,
458191673,2.570687,1139,2461499.2252,2027-04-03 17:23,5.2,1.68,
458191673,2.570687,1140,2461501.7958,2027-04-06 07:04,5.2,1.68,
458191673,2.570687,1141,2461504.3665,2027-04-08 20:46,5.2,1.68,
458191673,2.570687,1142,2461506.9372,2027-04-11 10:28,5.2,1.68,
458191673,2.570687,1143,2461509.5079,2027-04-14 00:10,5.2,1.68,
458191673,2.570687,1144,2461512.0786,2027-04-16 13:52,5.2,1.68,
458191673,2.570687,1145,2461514.6493,2027-04-19 03:33,5.2,1.68,
458191673,2.570687,1146,2461517.22,2027-04-21 17:15,5.2,1.68,
458191673,2.570687,1147,2461519.7907,2027-04-24 06:57,5.3,1.68,
458191673,2.570687,1148,2461522.3613,2027-04-26 20:39,5.3,1.68,
458191673,2.570687,1149,2461524.932,2027-04-29 10:20,5.3,1.68,
458191673,2.570687,1150,2461527.5027,2027-05-02 00:02,5.3,1.68,
458191673,2.570687,1151,2461530.0734,2027-05-04 13:44,5.3,1.68,
458191673,2.570687,1152,2461532.6441,2027-05-07 03:26,5.3,1.68,
458191673,2.570687,1153,2461535.2148,2027-05-09 17:08,5.3,1.68,
458191673,2.570687,1154,2461537.7855,2027-05-12 06:49,5.3,1.68,
458191673,2.570687,1155,2461540.3562,2027-05-14 20:31,5.3,1.68,
458191673,2.570687,1156,2461542.9268,2027-05-17 10:13,5.3,1.68,
458191673,2.570687,1157,2461545.4975,2027-05-19 23:55,5.3,1.68,
458191673,2.570687,1158,2461548.0682,2027-05-22 13:37,5.3,1.68,
458191673,2.570687,1159,2461550.6389,2027-05-25 03:18,5.3,1.68,
458191673,2.570687,1160,2461553.2096,2027-05-27 17:00,5.3,1.68,
458191673,2.570687,1161,2461555.7803,2027-05-30 06:42,5.3,1.68,
458191673,2.570687,1162,2461558.351,2027-06-01 20:24,5.3,1.68,
458191673,2.570687,1163,2461560.9217,2027-06-04 10:06,5.3,1.68,
458191673,2.570687,1164,2461563.4923,2027-06-06 23:47,5.3,1.68,
458191673,2.570687,1165,2461566.063,2027-06-09 13:29,5.3,1.68,
458191673,2.570687,1166,2461568.6337,2027-06-12 03:11,5.3,1.68,
458191673,2.570687,1167,2461571.2044,2027-06-14 16:53,5.3,1.68,
458191673,2.570687,1168,2461573.7751,2027-06-17 06:34,5.3,1.68,
458191673,2.570687,1169,2461576.3458,2027-06-19 20:16,5.3,1.68,
458191673,2.570687,1170,2461578.9165,2027-06-22 09:58,5.3,1.68,
458191673,2.570687,1171,2461581.4871,2027-06-24 23:40,5.3,1.68,
458191673,2.570687,1172,2461584.0578,2027-06-27 13:22,5.3,1.68,
422351625,8.146405,337,2461323.3732,2026-10-09 20:56,11.9,1.96,
422351625,8.146405,338,2461331.5196,2026-10-18 00:27,11.9,1.96,
422351625,8.146405,339,2461339.666,2026-10-26 03:57,11.9,1.96,
422351625,8.146405,340,2461347.8124,2026-11-03 07:28,11.9,1.96,
422351625,8.146405,341,2461355.9588,2026-11-11 10:59,12.0,1.96,
422351625,8.146405,342,2461364.1052,2026-11-19 14:30,12.0,1.96,
422351625,8.146405,343,2461372.2516,2026-11-27 18:01,12.0,1.96,
422351625,8.146405,344,2461380.398,2026-12-05 21:31,12.0,1.96,
422351625,8.146405,345,2461388.5444,2026-12-14 01:02,12.1,1.96,
422351625,8.146405,346,2461396.6908,2026-12-22 04:33,12.1,1.96,
422351625,8.146405,347,2461404.8372,2026-12-30 08:04,12.1,1.96,
422351625,8.146405,348,2461412.9836,2027-01-07 11:35,12.1,1.96,
422351625,8.146405,349,2461421.13,2027-01-15 15:06,12.2,1.96,
422351625,8.146405,350,2461429.2764,2027-01-23 18:36,12.2,1.96,
422351625,8.146405,351,2461437.4228,2027-01-31 22:07,12.2,1.96,
422351625,8.146405,352,2461445.5692,2027-02-09 01:38,12.2,1.96,
422351625,8.146405,353,2461453.7156,2027-02-17 05:09,12.3,1.96,
422351625,8.146405,354,2461461.862,2027-02-25 08:40,12.3,1.96,
422351625,8.146405,355,2461470.0084,2027-03-05 12:11,12.3,1.96,
422351625,8.146405,356,2461478.1549,2027-03-13 15:41,12.3,1.96,
422351625,8.146405,357,2461486.3013,2027-03-21 19:12,12.4,1.96,
422351625,8.146405,358,2461494.4477,2027-03-29 22:43,12.4,1.96,
422351625,8.146405,359,2461502.5941,2027-04-07 02:14,12.4,1.96,
422351625,8.146405,360,2461510.7405,2027-04-15 05:45,12.4,1.96,
422351625,8.146405,361,2461518.8869,2027-04-23 09:15,12.5,1.96,
422351625,8.146405,362,2461527.0333,2027-05-01 12:46,12.5,1.96,
422351625,8.146405,363,2461535.1797,2027-05-09 16:17,12.5,1.96,
422351625,8.146405,364,2461543.3261,2027-05-17 19:48,12.5,1.96,
422351625,8.146405,365,2461551.4725,2027-05-25 23:19,12.6,1.96,
422351625,8.146405,366,2461559.6189,2027-06-03 02:50,12.6,1.96,
422351625,8.146405,367,2461567.7653,2027-06-11 06:20,12.6,1.96,
422351625,8.146405,368,2461575.9117,2027-06-19 09:51,12.6,1.96,
422351625,8.146405,369,2461584.0581,2027-06-27 13:22,12.7,1.96,
422351625,1.969879,1395,2461322.2166,2026-10-08 17:10,15.2,1.66,
422351625,1.969879,1396,2461324.1865,2026-10-10 16:27,15.2,1.66,
422351625,1.969879,1397,2461326.1564,2026-10-12 15:44,15.2,1.66,
422351625,1.969879,1398,2461328.1263,2026-10-14 15:00,15.2,1.66,
422351625,1.969879,1399,2461330.0962,2026-10-16 14:17,15.2,1.66,
422351625,1.969879,1400,2461332.066,2026-10-18 13:33,15.2,1.66,
422351625,1.969879,1401,2461334.0359,2026-10-20 12:50,15.2,1.66,
422351625,1.969879,1402,2461336.0058,2026-10-22 12:07,15.2,1.66,
422351625,1.969879,1403,2461337.9757,2026-10-24 11:23,15.3,1.66,
422351625,1.969879,1404,2461339.9456,2026-10-26 10:40,15.3,1.66,
422351625,1.969879,1405,2461341.9154,2026-10-28 09:57,15.3,1.66,
422351625,1.969879,1406,2461343.8853,2026-10-30 09:13,15.3,1.66,
422351625,1.969879,1407,2461345.8552,2026-11-01 08:30,15.3,1.66,
422351625,1.969879,1408,2461347.8251,2026-11-03 07:46,15.3,1.66,
422351625,1.969879,1409,2461349.795,2026-11-05 07:03,15.3,1.66,
422351625,1.969879,1410,2461351.7648,2026-11-07 06:20,15.3,1.66,
422351625,1.969879,1411,2461353.7347,2026-11-09 05:36,15.3,1.66,
422351625,1.969879,1412,2461355.7046,2026-11-11 04:53,15.3,1.66,
422351625,1.969879,1413,2461357.6745,2026-11-13 04:10,15.3,1.66,
422351625,1.969879,1414,2461359.6444,2026-11-15 03:26,15.3,1.66,
422351625,1.969879,1415,2461361.6142,2026-11-17 02:43,15.4,1.66,
422351625,1.969879,1416,2461363.5841,2026-11-19 01:59,15.4,1.66,
422351625,1.969879,1417,2461365.554,2026-11-21 01:16,15.4,1.66,
422351625,1.969879,1418,2461367.5239,2026-11-23 00:33,15.4,1.66,
422351625,1.969879,1419,2461369.4937,2026-11-24 23:49,15.4,1.66,
422351625,1.969879,1420,2461371.4636,2026-11-26 23:06,15.4,1.66,
422351625,1.969879,1421,2461373.4335,2026-11-28 22:23,15.4,1.66,
422351625,1.969879,1422,2461375.4034,2026-11-30 21:39,15.4,1.66,
422351625,1.969879,1423,2461377.3733,2026-12-02 20:56,15.4,1.66,
422351625,1.969879,1424,2461379.3431,2026-12-04 20:12,15.4,1.66,
422351625,1.969879,1425,2461381.313,2026-12-06 19:29,15.4,1.66,
422351625,1.969879,1426,2461383.2829,2026-12-08 18:46,15.4,1.66,
422351625,1.969879,1427,2461385.2528,2026-12-10 18:02,15.4,1.66,
422351625,1.969879,1428,2461387.2227,2026-12-12 17:19,15.5,1.66,
422351625,1.969879,1429,2461389.1925,2026-12-14 16:36,15.5,1.66,
422351625,1.969879,1430,2461391.1624,2026-12-16 15:52,15.5,1.66,
422351625,1.969879,1431,2461393.1323,2026-12-18 15:09,15.5,1.66,
422351625,1.969879,1432,2461395.1022,2026-12-20 14:25,15.5,1.66,
422351625,1.969879,1433,2461397.0721,2026-12-22 13:42,15.5,1.66,
422351625,1.969879,1434,2461399.0419,2026-12-24 12:59,15.5,1.66,
422351625,1.969879,1435,2461401.0118,2026-12-26 12:15,15.5,1.66,
422351625,1.969879,1436,2461402.9817,2026-12-28 11:32,15.5,1.66,
422351625,1.969879,1437,2461404.9516,2026-12-30 10:49,15.5,1.66,
422351625,1.969879,1438,2461406.9214,2027-01-01 10:05,15.5,1.66,
422351625,1.969879,1439,2461408.8913,2027-01-03 09:22,15.5,1.66,
422351625,1.969879,1440,2461410.8612,2027-01-05 08:38,15.5,1.66,
422351625,1.969879,1441,2461412.8311,2027-01-07 07:55,15.6,1.66,
422351625,1.969879,1442,2461414.801,2027-01-09 07:12,15.6,1.66,
422351625,1.969879,1443,2461416.7708,2027-01-11 06:28,15.6,1.66,
422351625,1.969879,1444,2461418.7407,2027-01-13 05:45,15.6,1.66,
422351625,1.969879,1445,2461420.7106,2027-01-15 05:02,15.6,1.66,
422351625,1.969879,1446,2461422.6805,2027-01-17 04:18,15.6,1.66,
422351625,1.969879,1447,2461424.6504,2027-01-19 03:35,15.6,1.66,
422351625,1.969879,1448,2461426.6202,2027-01-21 02:51,15.6,1.66,
422351625,1.969879,1449,2461428.5901,2027-01-23 02:08,15.6,1.66,
422351625,1.969879,1450,2461430.56,2027-01-25 01:25,15.6,1.66,
422351625,1.969879,1451,2461432.5299,2027-01-27 00:41,15.6,1.66,
422351625,1.969879,1452,2461434.4998,2027-01-28 23:58,15.6,1.66,
422351625,1.969879,1453,2461436.4696,2027-01-30 23:15,15.6,1.66,
422351625,1.969879,1454,2461438.4395,2027-02-01 22:31,15.7,1.66,
422351625,1.969879,1455,2461440.4094,2027-02-03 21:48,15.7,1.66,
422351625,1.969879,1456,2461442.3793,2027-02-05 21:05,15.7,1.66,
422351625,1.969879,1457,2461444.3492,2027-02-07 20:21,15.7,1.66,
422351625,1.969879,1458,2461446.319,2027-02-09 19:38,15.7,1.66,
422351625,1.969879,1459,2461448.2889,2027-02-11 18:54,15.7,1.66,
422351625,1.969879,1460,2461450.2588,2027-02-13 18:11,15.7,1.66,
422351625,1.969879,1461,2461452.2287,2027-02-15 17:28,15.7,1.66,
422351625,1.969879,1462,2461454.1985,2027-02-17 16:44,15.7,1.66,
422351625,1.969879,1463,2461456.1684,2027-02-19 16:01,15.7,1.66,
422351625,1.969879,1464,2461458.1383,2027-02-21 15:18,15.7,1.66,
422351625,1.969879,1465,2461460.1082,2027-02-23 14:34,15.7,1.66,
422351625,1.969879,1466,2461462.0781,2027-02-25 13:51,15.7,1.66,
422351625,1.969879,1467,2461464.0479,2027-02-27 13:07,15.8,1.66,
422351625,1.969879,1468,2461466.0178,2027-03-01 12:24,15.8,1.66,
422351625,1.969879,1469,2461467.9877,2027-03-03 11:41,15.8,1.66,
422351625,1.969879,1470,2461469.9576,2027-03-05 10:57,15.8,1.66,
422351625,1.969879,1471,2461471.9275,2027-03-07 10:14,15.8,1.66,
422351625,1.969879,1472,2461473.8973,2027-03-09 09:31,15.8,1.66,
422351625,1.969879,1473,2461475.8672,2027-03-11 08:47,15.8,1.66,
422351625,1.969879,1474,2461477.8371,2027-03-13 08:04,15.8,1.66,
422351625,1.969879,1475,2461479.807,2027-03-15 07:20,15.8,1.66,
422351625,1.969879,1476,2461481.7769,2027-03-17 06:37,15.8,1.66,
422351625,1.969879,1477,2461483.7467,2027-03-19 05:54,15.8,1.66,
422351625,1.969879,1478,2461485.7166,2027-03-21 05:10,15.8,1.66,
422351625,1.969879,1479,2461487.6865,2027-03-23 04:27,15.9,1.66,
422351625,1.969879,1480,2461489.6564,2027-03-25 03:44,15.9,1.66,
422351625,1.969879,1481,2461491.6263,2027-03-27 03:00,15.9,1.66,
422351625,1.969879,1482,2461493.5961,2027-03-29 02:17,15.9,1.66,
422351625,1.969879,1483,2461495.566,2027-03-31 01:33,15.9,1.66,
422351625,1.969879,1484,2461497.5359,2027-04-02 00:50,15.9,1.66,
422351625,1.969879,1485,2461499.5058,2027-04-04 00:07,15.9,1.66,
422351625,1.969879,1486,2461501.4756,2027-04-05 23:23,15.9,1.66,
422351625,1.969879,1487,2461503.4455,2027-04-07 22:40,15.9,1.66,
422351625,1.969879,1488,2461505.4154,2027-04-09 21:57,15.9,1.66,
422351625,1.969879,1489,2461507.3853,2027-04-11 21:13,15.9,1.66,
422351625,1.969879,1490,2461509.3552,2027-04-13 20:30,15.9,1.66,
422351625,1.969879,1491,2461511.325,2027-04-15 19:46,15.9,1.66,
422351625,1.969879,1492,2461513.2949,2027-04-17 19:03,16.0,1.66,
422351625,1.969879,1493,2461515.2648,2027-04-19 18:20,16.0,1.66,
422351625,1.969879,1494,2461517.2347,2027-04-21 17:36,16.0,1.66,
422351625,1.969879,1495,2461519.2046,2027-04-23 16:53,16.0,1.66,
422351625,1.969879,1496,2461521.1744,2027-04-25 16:10,16.0,1.66,
422351625,1.969879,1497,2461523.1443,2027-04-27 15:26,16.0,1.66,
422351625,1.969879,1498,2461525.1142,2027-04-29 14:43,16.0,1.66,
422351625,1.969879,1499,2461527.0841,2027-05-01 13:59,16.0,1.66,
422351625,1.969879,1500,2461529.054,2027-05-03 13:16,16.0,1.66,
422351625,1.969879,1501,2461531.0238,2027-05-05 12:33,16.0,1.66,
422351625,1.969879,1502,2461532.9937,2027-05-07 11:49,16.0,1.66,
422351625,1.969879,1503,2461534.9636,2027-05-09 11:06,16.0,1.66,
422351625,1.969879,1504,2461536.9335,2027-05-11 10:23,16.0,1.66,
422351625,1.969879,1505,2461538.9034,2027-05-13 09:39,16.1,1.66,
422351625,1.969879,1506,2461540.8732,2027-05-15 08:56,16.1,1.66,
422351625,1.969879,1507,2461542.8431,2027-05-17 08:12,16.1,1.66,
422351625,1.969879,1508,2461544.813,2027-05-19 07:29,16.1,1.66,
422351625,1.969879,1509,2461546.7829,2027-05-21 06:46,16.1,1.66,
422351625,1.969879,1510,2461548.7527,2027-05-23 06:02,16.1,1.66,
422351625,1.969879,1511,2461550.7226,2027-05-25 05:19,16.1,1.66,
422351625,1.969879,1512,2461552.6925,2027-05-27 04:36,16.1,1.66,
422351625,1.969879,1513,2461554.6624,2027-05-29 03:52,16.1,1.66,
422351625,1.969879,1514,2461556.6323,2027-05-31 03:09,16.1,1.66,
422351625,1.969879,1515,2461558.6021,2027-06-02 02:25,16.1,1.66,
422351625,1.969879,1516,2461560.572,2027-06-04 01:42,16.1,1.66,
422351625,1.969879,1517,2461562.5419,2027-06-06 00:59,16.2,1.66,
422351625,1.969879,1518,2461564.5118,2027-06-08 00:15,16.2,1.66,
422351625,1.969879,1519,2461566.4817,2027-06-09 23:32,16.2,1.66,
422351625,1.969879,1520,2461568.4515,2027-06-11 22:49,16.2,1.66,
422351625,1.969879,1521,2461570.4214,2027-06-13 22:05,16.2,1.66,
422351625,1.969879,1522,2461572.3913,2027-06-15 21:22,16.2,1.66,
422351625,1.969879,1523,2461574.3612,2027-06-17 20:38,16.2,1.66,
422351625,1.969879,1524,2461576.3311,2027-06-19 19:55,16.2,1.66,
422351625,1.969879,1525,2461578.3009,2027-06-21 19:12,16.2,1.66,
422351625,1.969879,1526,2461580.2708,2027-06-23 18:28,16.2,1.66,
422351625,1.969879,1527,2461582.2407,2027-06-25 17:45,16.2,1.66,
422351625,1.969879,1528,2461584.2106,2027-06-27 17:02,16.2,1.66,
422351625,1.969879,1529,2461586.1805,2027-06-29 16:18,16.2,1.66,
166321785,2.480128,1097,2461322.3342,2026-10-08 20:00,7.3,1.51,
166321785,2.480128,1098,2461324.8143,2026-10-11 07:31,7.3,1.51,
166321785,2.480128,1099,2461327.2945,2026-10-13 19:02,7.3,1.51,
166321785,2.480128,1100,2461329.7746,2026-10-16 06:34,7.3,1.51,
166321785,2.480128,1101,2461332.2547,2026-10-18 18:05,7.3,1.51,
166321785,2.480128,1102,2461334.7349,2026-10-21 05:37,7.3,1.51,
166321785,2.480128,1103,2461337.215,2026-10-23 17:08,7.3,1.51,
166321785,2.480128,1104,2461339.6951,2026-10-26 04:39,7.4,1.51,
166321785,2.480128,1105,2461342.1752,2026-10-28 16:11,7.4,1.51,
166321785,2.480128,1106,2461344.6554,2026-10-31 03:42,7.4,1.51,
166321785,2.480128,1107,2461347.1355,2026-11-02 15:13,7.4,1.51,
166321785,2.480128,1108,2461349.6156,2026-11-05 02:45,7.4,1.51,
166321785,2.480128,1109,2461352.0957,2026-11-07 14:16,7.4,1.51,
166321785,2.480128,1110,2461354.5759,2026-11-10 01:48,7.4,1.51,
166321785,2.480128,1111,2461357.056,2026-11-12 13:19,7.4,1.51,
166321785,2.480128,1112,2461359.5361,2026-11-15 00:50,7.4,1.51,
166321785,2.480128,1113,2461362.0163,2026-11-17 12:22,7.4,1.51,
166321785,2.480128,1114,2461364.4964,2026-11-19 23:53,7.4,1.51,
166321785,2.480128,1115,2461366.9765,2026-11-22 11:25,7.4,1.51,
166321785,2.480128,1116,2461369.4566,2026-11-24 22:56,7.4,1.51,
166321785,2.480128,1117,2461371.9368,2026-11-27 10:27,7.4,1.51,
166321785,2.480128,1118,2461374.4169,2026-11-29 21:59,7.4,1.51,
166321785,2.480128,1119,2461376.897,2026-12-02 09:30,7.4,1.51,
166321785,2.480128,1120,2461379.3772,2026-12-04 21:01,7.4,1.51,
166321785,2.480128,1121,2461381.8573,2026-12-07 08:33,7.4,1.51,
166321785,2.480128,1122,2461384.3374,2026-12-09 20:04,7.4,1.51,
166321785,2.480128,1123,2461386.8175,2026-12-12 07:36,7.4,1.51,
166321785,2.480128,1124,2461389.2977,2026-12-14 19:07,7.4,1.51,
166321785,2.480128,1125,2461391.7778,2026-12-17 06:38,7.4,1.51,
166321785,2.480128,1126,2461394.2579,2026-12-19 18:10,7.5,1.51,
166321785,2.480128,1127,2461396.7381,2026-12-22 05:41,7.5,1.51,
166321785,2.480128,1128,2461399.2182,2026-12-24 17:13,7.5,1.51,
166321785,2.480128,1129,2461401.6983,2026-12-27 04:44,7.5,1.51,
166321785,2.480128,1130,2461404.1784,2026-12-29 16:15,7.5,1.51,
166321785,2.480128,1131,2461406.6586,2027-01-01 03:47,7.5,1.51,
166321785,2.480128,1132,2461409.1387,2027-01-03 15:18,7.5,1.51,
166321785,2.480128,1133,2461411.6188,2027-01-06 02:49,7.5,1.51,
166321785,2.480128,1134,2461414.0989,2027-01-08 14:21,7.5,1.51,
166321785,2.480128,1135,2461416.5791,2027-01-11 01:52,7.5,1.51,
166321785,2.480128,1136,2461419.0592,2027-01-13 13:24,7.5,1.51,
166321785,2.480128,1137,2461421.5393,2027-01-16 00:55,7.5,1.51,
166321785,2.480128,1138,2461424.0195,2027-01-18 12:26,7.5,1.51,
166321785,2.480128,1139,2461426.4996,2027-01-20 23:58,7.5,1.51,
166321785,2.480128,1140,2461428.9797,2027-01-23 11:29,7.5,1.51,
166321785,2.480128,1141,2461431.4598,2027-01-25 23:01,7.5,1.51,
166321785,2.480128,1142,2461433.94,2027-01-28 10:32,7.5,1.51,
166321785,2.480128,1143,2461436.4201,2027-01-30 22:03,7.5,1.51,
166321785,2.480128,1144,2461438.9002,2027-02-02 09:35,7.5,1.51,
166321785,2.480128,1145,2461441.3804,2027-02-04 21:06,7.5,1.51,
166321785,2.480128,1146,2461443.8605,2027-02-07 08:37,7.5,1.51,
166321785,2.480128,1147,2461446.3406,2027-02-09 20:09,7.5,1.51,
166321785,2.480128,1148,2461448.8207,2027-02-12 07:40,7.6,1.51,
166321785,2.480128,1149,2461451.3009,2027-02-14 19:12,7.6,1.51,
166321785,2.480128,1150,2461453.781,2027-02-17 06:43,7.6,1.51,
166321785,2.480128,1151,2461456.2611,2027-02-19 18:14,7.6,1.51,
166321785,2.480128,1152,2461458.7412,2027-02-22 05:46,7.6,1.51,
166321785,2.480128,1153,2461461.2214,2027-02-24 17:17,7.6,1.51,
166321785,2.480128,1154,2461463.7015,2027-02-27 04:49,7.6,1.51,
166321785,2.480128,1155,2461466.1816,2027-03-01 16:20,7.6,1.51,
166321785,2.480128,1156,2461468.6618,2027-03-04 03:51,7.6,1.51,
166321785,2.480128,1157,2461471.1419,2027-03-06 15:23,7.6,1.51,
166321785,2.480128,1158,2461473.622,2027-03-09 02:54,7.6,1.51,
166321785,2.480128,1159,2461476.1021,2027-03-11 14:25,7.6,1.51,
166321785,2.480128,1160,2461478.5823,2027-03-14 01:57,7.6,1.51,
166321785,2.480128,1161,2461481.0624,2027-03-16 13:28,7.6,1.51,
166321785,2.480128,1162,2461483.5425,2027-03-19 01:00,7.6,1.51,
166321785,2.480128,1163,2461486.0227,2027-03-21 12:31,7.6,1.51,
166321785,2.480128,1164,2461488.5028,2027-03-24 00:02,7.6,1.51,
166321785,2.480128,1165,2461490.9829,2027-03-26 11:34,7.6,1.51,
166321785,2.480128,1166,2461493.463,2027-03-28 23:05,7.6,1.51,
166321785,2.480128,1167,2461495.9432,2027-03-31 10:37,7.6,1.51,
166321785,2.480128,1168,2461498.4233,2027-04-02 22:08,7.6,1.51,
166321785,2.480128,1169,2461500.9034,2027-04-05 09:39,7.6,1.51,
166321785,2.480128,1170,2461503.3835,2027-04-07 21:11,7.7,1.51,
166321785,2.480128,1171,2461505.8637,2027-04-10 08:42,7.7,1.51,
166321785,2.480128,1172,2461508.3438,2027-04-12 20:13,7.7,1.51,
166321785,2.480128,1173,2461510.8239,2027-04-15 07:45,7.7,1.51,
166321785,2.480128,1174,2461513.3041,2027-04-17 19:16,7.7,1.51,
166321785,2.480128,1175,2461515.7842,2027-04-20 06:48,7.7,1.51,
166321785,2.480128,1176,2461518.2643,2027-04-22 18:19,7.7,1.51,
166321785,2.480128,1177,2461520.7444,2027-04-25 05:50,7.7,1.51,
166321785,2.480128,1178,2461523.2246,2027-04-27 17:22,7.7,1.51,
166321785,2.480128,1179,2461525.7047,2027-04-30 04:53,7.7,1.51,
166321785,2.480128,1180,2461528.1848,2027-05-02 16:24,7.7,1.51,
166321785,2.480128,1181,2461530.665,2027-05-05 03:56,7.7,1.51,
166321785,2.480128,1182,2461533.1451,2027-05-07 15:27,7.7,1.51,
166321785,2.480128,1183,2461535.6252,2027-05-10 02:59,7.7,1.51,
166321785,2.480128,1184,2461538.1053,2027-05-12 14:30,7.7,1.51,
166321785,2.480128,1185,2461540.5855,2027-05-15 02:01,7.7,1.51,
166321785,2.480128,1186,2461543.0656,2027-05-17 13:33,7.7,1.51,
166321785,2.480128,1187,2461545.5457,2027-05-20 01:04,7.7,1.51,
166321785,2.480128,1188,2461548.0258,2027-05-22 12:36,7.7,1.51,
166321785,2.480128,1189,2461550.506,2027-05-25 00:07,7.7,1.51,
166321785,2.480128,1190,2461552.9861,2027-05-27 11:38,7.7,1.51,
166321785,2.480128,1191,2461555.4662,2027-05-29 23:10,7.7,1.51,
166321785,2.480128,1192,2461557.9464,2027-06-01 10:41,7.8,1.51,
166321785,2.480128,1193,2461560.4265,2027-06-03 22:12,7.8,1.51,
166321785,2.480128,1194,2461562.9066,2027-06-06 09:44,7.8,1.51,
166321785,2.480128,1195,2461565.3867,2027-06-08 21:15,7.8,1.51,
166321785,2.480128,1196,2461567.8669,2027-06-11 08:47,7.8,1.51,
166321785,2.480128,1197,2461570.347,2027-06-13 20:18,7.8,1.51,
166321785,2.480128,1198,2461572.8271,2027-06-16 07:49,7.8,1.51,
166321785,2.480128,1199,2461575.3073,2027-06-18 19:21,7.8,1.51,
166321785,2.480128,1200,2461577.7874,2027-06-21 06:52,7.8,1.51,
166321785,2.480128,1201,2461580.2675,2027-06-23 18:24,7.8,1.51,
166321785,2.480128,1202,2461582.7476,2027-06-26 05:55,7.8,1.51,
166321785,2.480128,1203,2461585.2278,2027-06-28 17:26,7.8,1.51,
147226218,3.871589,513,2461322.8043,2026-10-09 07:17,12.7,2.1,
147226218,3.871589,514,2461326.6759,2026-10-13 04:12,12.8,2.1,
147226218,3.871589,515,2461330.5475,2026-10-17 01:07,12.8,2.1,
147226218,3.871589,516,2461334.4191,2026-10-20 22:02,12.8,2.1,
147226218,3.871589,517,2461338.2907,2026-10-24 18:57,12.8,2.1,
147226218,3.871589,518,2461342.1623,2026-10-28 15:52,12.8,2.1,
147226218,3.871589,519,2461346.0338,2026-11-01 12:47,12.9,2.1,
147226218,3.871589,520,2461349.9054,2026-11-05 09:42,12.9,2.1,
147226218,3.871589,521,2461353.777,2026-11-09 06:37,12.9,2.1,
147226218,3.871589,522,2461357.6486,2026-11-13 03:32,12.9,2.1,
147226218,3.871589,523,2461361.5202,2026-11-17 00:27,12.9,2.1,
147226218,3.871589,524,2461365.3918,2026-11-20 21:23,13.0,2.1,
147226218,3.871589,525,2461369.2634,2026-11-24 18:18,13.0,2.1,
147226218,3.871589,526,2461373.135,2026-11-28 15:13,13.0,2.1,
147226218,3.871589,527,2461377.0066,2026-12-02 12:08,13.0,2.1,
147226218,3.871589,528,2461380.8781,2026-12-06 09:03,13.0,2.1,
147226218,3.871589,529,2461384.7497,2026-12-10 05:58,13.1,2.1,
147226218,3.871589,530,2461388.6213,2026-12-14 02:53,13.1,2.1,
147226218,3.871589,531,2461392.4929,2026-12-17 23:48,13.1,2.1,
147226218,3.871589,532,2461396.3645,2026-12-21 20:43,13.1,2.1,
147226218,3.871589,533,2461400.2361,2026-12-25 17:38,13.1,2.1,
147226218,3.871589,534,2461404.1077,2026-12-29 14:33,13.2,2.1,
147226218,3.871589,535,2461407.9793,2027-01-02 11:28,13.2,2.1,
147226218,3.871589,536,2461411.8509,2027-01-06 08:24,13.2,2.1,
147226218,3.871589,537,2461415.7224,2027-01-10 05:19,13.2,2.1,
147226218,3.871589,538,2461419.594,2027-01-14 02:14,13.2,2.1,
147226218,3.871589,539,2461423.4656,2027-01-17 23:09,13.3,2.1,
147226218,3.871589,540,2461427.3372,2027-01-21 20:04,13.3,2.1,
147226218,3.871589,541,2461431.2088,2027-01-25 16:59,13.3,2.1,
147226218,3.871589,542,2461435.0804,2027-01-29 13:54,13.3,2.1,
147226218,3.871589,543,2461438.952,2027-02-02 10:49,13.4,2.1,
147226218,3.871589,544,2461442.8236,2027-02-06 07:44,13.4,2.1,
147226218,3.871589,545,2461446.6952,2027-02-10 04:39,13.4,2.1,
147226218,3.871589,546,2461450.5667,2027-02-14 01:34,13.4,2.1,
147226218,3.871589,547,2461454.4383,2027-02-17 22:30,13.4,2.1,
147226218,3.871589,548,2461458.3099,2027-02-21 19:25,13.5,2.1,
147226218,3.871589,549,2461462.1815,2027-02-25 16:20,13.5,2.1,
147226218,3.871589,550,2461466.0531,2027-03-01 13:15,13.5,2.1,
147226218,3.871589,551,2461469.9247,2027-03-05 10:10,13.5,2.1,
147226218,3.871589,552,2461473.7963,2027-03-09 07:05,13.5,2.1,
147226218,3.871589,553,2461477.6679,2027-03-13 04:00,13.6,2.1,
147226218,3.871589,554,2461481.5395,2027-03-17 00:55,13.6,2.1,
147226218,3.871589,555,2461485.411,2027-03-20 21:50,13.6,2.1,
147226218,3.871589,556,2461489.2826,2027-03-24 18:45,13.6,2.1,
147226218,3.871589,557,2461493.1542,2027-03-28 15:40,13.6,2.1,
147226218,3.871589,558,2461497.0258,2027-04-01 12:36,13.7,2.1,
147226218,3.871589,559,2461500.8974,2027-04-05 09:31,13.7,2.1,
147226218,3.871589,560,2461504.769,2027-04-09 06:26,13.7,2.1,
147226218,3.871589,561,2461508.6406,2027-04-13 03:21,13.7,2.1,
147226218,3.871589,562,2461512.5122,2027-04-17 00:16,13.7,2.1,
147226218,3.871589,563,2461516.3838,2027-04-20 21:11,13.8,2.1,
147226218,3.871589,564,2461520.2553,2027-04-24 18:06,13.8,2.1,
147226218,3.871589,565,2461524.1269,2027-04-28 15:01,13.8,2.1,
147226218,3.871589,566,2461527.9985,2027-05-02 11:56,13.8,2.1,
147226218,3.871589,567,2461531.8701,2027-05-06 08:51,13.8,2.1,
147226218,3.871589,568,2461535.7417,2027-05-10 05:46,13.9,2.1,
147226218,3.871589,569,2461539.6133,2027-05-14 02:41,13.9,2.1,
147226218,3.871589,570,2461543.4849,2027-05-17 23:37,13.9,2.1,
147226218,3.871589,571,2461547.3565,2027-05-21 20:32,13.9,2.1,
147226218,3.871589,572,2461551.2281,2027-05-25 17:27,13.9,2.1,
147226218,3.871589,573,2461555.0996,2027-05-29 14:22,14.0,2.1,
147226218,3.871589,574,2461558.9712,2027-06-02 11:17,14.0,2.1,
147226218,3.871589,575,2461562.8428,2027-06-06 08:12,14.0,2.1,
147226218,3.871589,576,2461566.7144,2027-06-10 05:07,14.0,2.1,
147226218,3.871589,577,2461570.586,2027-06-14 02:02,14.1,2.1,
147226218,3.871589,578,2461574.4576,2027-06-17 22:57,14.1,2.1,
147226218,3.871589,579,2461578.3292,2027-06-21 19:52,14.1,2.1,
147226218,3.871589,580,2461582.2008,2027-06-25 16:47,14.1,2.1,
147226218,3.871589,581,2461586.0724,2027-06-29 13:43,14.1,2.1,
451641911,3.909737,703,2461322.9318,2026-10-09 10:20,10.6,1.74,
451641911,3.909737,704,2461326.8416,2026-10-13 08:10,10.6,1.74,
451641911,3.909737,705,2461330.7513,2026-10-17 06:00,10.6,1.74,
451641911,3.909737,706,2461334.661,2026-10-21 03:50,10.6,1.74,
451641911,3.909737,707,2461338.5708,2026-10-25 01:40,10.7,1.74,
451641911,3.909737,708,2461342.4805,2026-10-28 23:30,10.7,1.74,
451641911,3.909737,709,2461346.3903,2026-11-01 21:20,10.7,1.74,
451641911,3.909737,710,2461350.3,2026-11-05 19:10,10.7,1.74,
451641911,3.909737,711,2461354.2097,2026-11-09 17:00,10.7,1.74,
451641911,3.909737,712,2461358.1195,2026-11-13 14:50,10.7,1.74,
451641911,3.909737,713,2461362.0292,2026-11-17 12:40,10.7,1.74,
451641911,3.909737,714,2461365.9389,2026-11-21 10:30,10.7,1.74,
451641911,3.909737,715,2461369.8487,2026-11-25 08:20,10.7,1.74,
451641911,3.909737,716,2461373.7584,2026-11-29 06:10,10.8,1.74,
451641911,3.909737,717,2461377.6681,2026-12-03 04:00,10.8,1.74,
451641911,3.909737,718,2461381.5779,2026-12-07 01:50,10.8,1.74,
451641911,3.909737,719,2461385.4876,2026-12-10 23:41,10.8,1.74,
451641911,3.909737,720,2461389.3974,2026-12-14 21:31,10.8,1.74,
451641911,3.909737,721,2461393.3071,2026-12-18 19:21,10.8,1.74,
451641911,3.909737,722,2461397.2168,2026-12-22 17:11,10.8,1.74,
451641911,3.909737,723,2461401.1266,2026-12-26 15:01,10.8,1.74,
451641911,3.909737,724,2461405.0363,2026-12-30 12:51,10.8,1.74,
451641911,3.909737,725,2461408.946,2027-01-03 10:41,10.8,1.74,
451641911,3.909737,726,2461412.8558,2027-01-07 08:31,10.9,1.74,
451641911,3.909737,727,2461416.7655,2027-01-11 06:21,10.9,1.74,
451641911,3.909737,728,2461420.6753,2027-01-15 04:11,10.9,1.74,
451641911,3.909737,729,2461424.585,2027-01-19 02:01,10.9,1.74,
451641911,3.909737,730,2461428.4947,2027-01-22 23:51,10.9,1.74,
451641911,3.909737,731,2461432.4045,2027-01-26 21:41,10.9,1.74,
451641911,3.909737,732,2461436.3142,2027-01-30 19:31,10.9,1.74,
451641911,3.909737,733,2461440.2239,2027-02-03 17:21,10.9,1.74,
451641911,3.909737,734,2461444.1337,2027-02-07 15:11,10.9,1.74,
451641911,3.909737,735,2461448.0434,2027-02-11 13:01,10.9,1.74,
451641911,3.909737,736,2461451.9531,2027-02-15 10:51,11.0,1.74,
451641911,3.909737,737,2461455.8629,2027-02-19 08:41,11.0,1.74,
451641911,3.909737,738,2461459.7726,2027-02-23 06:31,11.0,1.74,
451641911,3.909737,739,2461463.6824,2027-02-27 04:21,11.0,1.74,
451641911,3.909737,740,2461467.5921,2027-03-03 02:11,11.0,1.74,
451641911,3.909737,741,2461471.5018,2027-03-07 00:01,11.0,1.74,
451641911,3.909737,742,2461475.4116,2027-03-10 21:51,11.0,1.74,
451641911,3.909737,743,2461479.3213,2027-03-14 19:41,11.0,1.74,
451641911,3.909737,744,2461483.231,2027-03-18 17:31,11.0,1.74,
451641911,3.909737,745,2461487.1408,2027-03-22 15:21,11.1,1.74,
451641911,3.909737,746,2461491.0505,2027-03-26 13:11,11.1,1.74,
451641911,3.909737,747,2461494.9602,2027-03-30 11:01,11.1,1.74,
451641911,3.909737,748,2461498.87,2027-04-03 08:51,11.1,1.74,
451641911,3.909737,749,2461502.7797,2027-04-07 06:41,11.1,1.74,
451641911,3.909737,750,2461506.6895,2027-04-11 04:31,11.1,1.74,
451641911,3.909737,751,2461510.5992,2027-04-15 02:21,11.1,1.74,
451641911,3.909737,752,2461514.5089,2027-04-19 00:11,11.1,1.74,
451641911,3.909737,753,2461518.4187,2027-04-22 22:01,11.1,1.74,
451641911,3.909737,754,2461522.3284,2027-04-26 19:51,11.1,1.74,
451641911,3.909737,755,2461526.2381,2027-04-30 17:41,11.2,1.74,
451641911,3.909737,756,2461530.1479,2027-05-04 15:31,11.2,1.74,
451641911,3.909737,757,2461534.0576,2027-05-08 13:21,11.2,1.74,
451641911,3.909737,758,2461537.9674,2027-05-12 11:11,11.2,1.74,
451641911,3.909737,759,2461541.8771,2027-05-16 09:01,11.2,1.74,
451641911,3.909737,760,2461545.7868,2027-05-20 06:51,11.2,1.74,
451641911,3.909737,761,2461549.6966,2027-05-24 04:41,11.2,1.74,
451641911,3.909737,762,2461553.6063,2027-05-28 02:31,11.2,1.74,
451641911,3.909737,763,2461557.516,2027-06-01 00:21,11.2,1.74,
451641911,3.909737,764,2461561.4258,2027-06-04 22:11,11.2,1.74,
451641911,3.909737,765,2461565.3355,2027-06-08 20:01,11.3,1.74,
451641911,3.909737,766,2461569.2452,2027-06-12 17:52,11.3,1.74,
451641911,3.909737,767,2461573.155,2027-06-16 15:42,11.3,1.74,
451641911,3.909737,768,2461577.0647,2027-06-20 13:32,11.3,1.74,
451641911,3.909737,769,2461580.9745,2027-06-24 11:22,11.3,1.74,
451641911,3.909737,770,2461584.8842,2027-06-28 09:12,11.3,1.74,
30470520,18.751904,160,2461336.6336,2026-10-23 03:11,14.4,4.15,
30470520,18.751904,161,2461355.3855,2026-11-10 21:13,14.4,4.15,
30470520,18.751904,162,2461374.1374,2026-11-29 15:16,14.5,4.15,
30470520,18.751904,163,2461392.8893,2026-12-18 09:19,14.6,4.15,
30470520,18.751904,164,2461411.6412,2027-01-06 03:22,14.7,4.15,
30470520,18.751904,165,2461430.3931,2027-01-24 21:24,14.7,4.15,
30470520,18.751904,166,2461449.145,2027-02-12 15:27,14.8,4.15,
30470520,18.751904,167,2461467.8969,2027-03-03 09:30,14.9,4.15,
30470520,18.751904,168,2461486.6488,2027-03-22 03:33,15.0,4.15,
30470520,18.751904,169,2461505.4007,2027-04-09 21:35,15.0,4.15,
30470520,18.751904,170,2461524.1526,2027-04-28 15:38,15.1,4.15,
30470520,18.751904,171,2461542.9045,2027-05-17 09:41,15.2,4.15,
30470520,18.751904,172,2461561.6564,2027-06-05 03:44,15.3,4.15,
30470520,18.751904,173,2461580.4083,2027-06-23 21:46,15.4,4.15,
135425484,8.033495,342,2461323.0216,2026-10-09 12:29,6.7,1.49,
135425484,8.033495,343,2461331.0551,2026-10-17 13:18,6.7,1.49,
135425484,8.033495,344,2461339.0886,2026-10-25 14:06,6.7,1.49,
135425484,8.033495,345,2461347.1221,2026-11-02 14:54,6.7,1.49,
135425484,8.033495,346,2461355.1556,2026-11-10 15:42,6.8,1.49,
135425484,8.033495,347,2461363.1891,2026-11-18 16:31,6.8,1.49,
135425484,8.033495,348,2461371.2226,2026-11-26 17:19,6.8,1.49,
135425484,8.033495,349,2461379.2561,2026-12-04 18:07,6.8,1.49,
135425484,8.033495,350,2461387.2896,2026-12-12 18:55,6.8,1.49,
135425484,8.033495,351,2461395.3231,2026-12-20 19:44,6.8,1.49,
135425484,8.033495,352,2461403.3566,2026-12-28 20:32,6.8,1.49,
135425484,8.033495,353,2461411.3901,2027-01-05 21:20,6.8,1.49,
135425484,8.033495,354,2461419.4236,2027-01-13 22:08,6.9,1.49,
135425484,8.033495,355,2461427.4571,2027-01-21 22:57,6.9,1.49,
135425484,8.033495,356,2461435.4906,2027-01-29 23:45,6.9,1.49,
135425484,8.033495,357,2461443.524,2027-02-07 00:33,6.9,1.49,
135425484,8.033495,358,2461451.5575,2027-02-15 01:21,6.9,1.49,
135425484,8.033495,359,2461459.591,2027-02-23 02:09,6.9,1.49,
135425484,8.033495,360,2461467.6245,2027-03-03 02:58,6.9,1.49,
135425484,8.033495,361,2461475.658,2027-03-11 03:46,7.0,1.49,
135425484,8.033495,362,2461483.6915,2027-03-19 04:34,7.0,1.49,
135425484,8.033495,363,2461491.725,2027-03-27 05:22,7.0,1.49,
135425484,8.033495,364,2461499.7585,2027-04-04 06:11,7.0,1.49,
135425484,8.033495,365,2461507.792,2027-04-12 06:59,7.0,1.49,
135425484,8.033495,366,2461515.8255,2027-04-20 07:47,7.0,1.49,
135425484,8.033495,367,2461523.859,2027-04-28 08:35,7.0,1.49,
135425484,8.033495,368,2461531.8925,2027-05-06 09:24,7.0,1.49,
135425484,8.033495,369,2461539.926,2027-05-14 10:12,7.1,1.49,
135425484,8.033495,370,2461547.9595,2027-05-22 11:00,7.1,1.49,
135425484,8.033495,371,2461555.993,2027-05-30 11:48,7.1,1.49,
135425484,8.033495,372,2461564.0265,2027-06-07 12:36,7.1,1.49,
135425484,8.033495,373,2461572.06,2027-06-15 13:25,7.1,1.49,
135425484,8.033495,374,2461580.0935,2027-06-23 14:13,7.1,1.49,
