TIC,P_d,P_err,T0_BJD,Rp_Re,b,T14_h,depth_ppm,MES,n_transits,Tmag,Teff,Rstar,dist_pc,ruwe,centroid_offset_arcsec,nearest_capable_arcsec,binary_at_target,eb_nearby_same_period,papers_with_period,zenodo_with_period,host_tois,tier
137499615,0.991911,4e-06,2458842.66166,1.56,0.53,1.2,493,12.7,177,11.63,4052,0.65,90.1,1.152999997138977,6.2,34.50915416972589,,,,,,A
298092113,1.85505,5e-06,2458684.37227,2.44,0.37,1.89,705,13.4,117,11.93,5344,0.88,258.4,1.0740000009536743,2.6,25.80954770351313,,,,,,A
270771873,2.331034,5e-06,2458519.55951,2.61,0.23,2.31,652,14.3,28,10.74,5787,0.98,193.6,1.0950000286102295,6.5,45.86097222790309,,,,,,A
350475802,2.371377,1.6e-05,2458900.98667,2.16,0.14,2.13,686,11.0,44,11.77,5095,0.78,196.5,1.0130000114440918,3.7,27.247046565785386,,,,,,A
308924032,3.111251,2.1e-05,2458325.45784,2.29,0.17,2.5,654,11.2,144,12.25,5478,0.89,300.9,0.9559999704360962,6.9,21.128430769451445,,,,,,A
358089076,4.264247,7e-06,2458491.66856,2.24,0.82,1.63,459,15.3,44,10.01,5492,0.9,116.3,1.128999948501587,8.3,22.2534299574676,,,,,,A
350475802,4.445186,4.4e-05,2458901.89962,2.36,0.53,2.14,845,9.7,25,11.77,5095,0.78,196.5,1.0130000114440918,6.2,27.247046565785386,,,,,,A
229688275,5.008096,3.3e-05,2458685.39524,1.54,0.16,2.37,478,11.6,169,12.4,4736,0.67,191.8,1.0269999504089355,8.5,21.12540591377801,,,,,,A
229511659,5.271216,3.2e-05,2458686.2268,2.01,0.22,3.03,421,10.7,154,11.8,5716,0.97,301.6,1.0420000553131104,5.9,17.765857701473614,,,,,,A
298092113,5.352343,3.2e-05,2458686.19416,2.33,0.43,2.64,702,8.9,40,11.93,5344,0.88,258.4,1.0740000009536743,7.4,25.80954770351313,,,,,,A
137499615,5.735053,2.3e-05,2458847.84441,2.32,0.84,1.49,946,10.5,29,11.63,4052,0.65,90.1,1.152999997138977,3.9,34.50915416972589,,,,,,A
270771873,6.356549,4.3e-05,2458521.96204,2.63,0.18,3.34,771,12.2,13,10.74,5787,0.98,193.6,1.0950000286102295,5.1,45.86097222790309,,,,,,A
229511659,7.083774,3.1e-05,2458688.07935,3.35,0.8,2.21,930,17.3,116,11.8,5716,0.97,301.6,1.0420000553131104,0.8,17.765857701473614,,,,,,A
320503836,8.006361,4.6e-05,2458684.36786,2.86,0.38,3.8,604,14.4,112,12.16,5987,1.15,452.2,1.0269999504089355,13.6,58.25753815269355,,,,,,A
308924032,9.967023,3.7e-05,2458325.77595,2.65,0.25,3.45,879,9.8,46,12.25,5478,0.89,300.9,0.9559999704360962,6.3,21.128430769451445,,,,,,A
454014013,15.283101,6.6e-05,2458584.56956,3.07,0.23,6.33,398,16.5,11,9.63,5917,1.42,170.8,1.0180000066757202,1.0,17.51218014535951,,,,,,A
320503836,15.685871,0.000149,2458690.1052,2.82,0.32,4.84,551,11.0,51,12.16,5987,1.15,452.2,1.0269999504089355,6.9,58.25753815269355,,,,,,A
229688275,17.313646,5.4e-05,2458688.60245,2.24,0.16,3.57,1079,15.7,46,12.4,4736,0.67,191.8,1.0269999504089355,4.3,21.12540591377801,,,,,,A
454014013,25.898927,0.000114,2458591.59548,3.09,0.2,8.19,438,16.1,8,9.63,5917,1.42,170.8,1.0180000066757202,2.7,17.51218014535951,,,,,,A
14491162,0.52169,3e-06,2459500.84778,4.39,0.52,1.35,1723,12.1,200,13.12,5925,1.02,609.0,1.1069999933242798,13.1,15.187405108992571,,,,,,B
429096335,0.548413,1e-06,2458792.07906,10.2,0.85,1.28,5138,19.4,107,13.21,5671,1.13,651.9,1.055999994277954,0.8,15.180199691249706,,,,,,B
48165077,0.643073,1e-06,2458545.47493,1.32,0.3,1.3,238,11.3,151,10.42,5198,0.82,115.3,1.1510000228881836,11.2,21.231919439711262,,,,,,B
48209162,0.664609,1e-06,2458545.12236,3.66,0.3,1.33,1732,16.5,186,13.28,5035,0.8,371.2,1.0199999809265137,11.9,15.999026737922009,,,,,,B
194329439,0.677089,0.0,2458766.98092,10.8,0.81,1.36,6878,34.9,57,12.93,5650,1.06,525.4,1.378999948501587,1.4,32.40108228222993,,,,,,B
376392757,0.70536,4e-06,2459770.35844,8.92,0.82,1.39,3346,10.0,48,13.11,5815,1.22,650.7,1.2200000286102295,3.7,17.08927492758373,,,,,,B
415753443,0.725456,2.6e-05,2458739.72105,4.62,0.45,2.06,1051,10.8,90,12.14,6048,1.39,453.5,1.0410000085830688,12.1,18.802772920390343,,,,,,B
3574848,0.733555,3e-06,2458816.41819,1.55,0.23,1.61,214,11.8,166,10.22,5939,1.01,163.0,1.003000020980835,5.7,18.68665329829084,,,,,,B
269048777,0.756804,2e-06,2458766.28064,4.55,0.49,1.34,2568,14.5,217,13.49,5016,0.81,379.6,1.1330000162124634,12.2,15.765265567547134,,,,,,B
224302813,0.790595,3e-06,2458900.62055,6.54,0.87,1.01,2551,11.7,48,13.45,5528,0.95,597.4,1.312000036239624,6.9,31.09437223438203,,,,,,B
160983090,0.79849,3e-06,2458712.18958,2.46,0.35,1.42,832,11.5,140,12.19,5621,0.86,297.2,0.9739999771118164,13.4,22.555066448679415,,,,,,B
243202088,0.863216,5e-06,2459448.27025,4.81,0.84,0.92,2844,9.2,94,13.25,5398,0.79,403.0,1.2339999675750732,5.8,34.68816361495246,,,,,,B
386745298,0.930494,6e-06,2459500.95323,6.25,0.85,1.44,1468,11.0,116,12.62,6281,1.37,734.2,1.0679999589920044,11.7,18.058120245685505,,,,,,B
96166003,0.955531,8e-06,2458816.96719,1.35,0.35,1.47,247,9.9,109,10.42,5171,0.83,113.8,0.9829999804496764,3.1,16.70373564182967,,,,,,B
277713416,0.956547,3e-06,2458518.82374,1.34,0.46,1.38,277,10.4,107,10.95,4450,0.76,97.6,0.977999985218048,4.6,59.80354129211385,,,,,,B
450298285,0.960559,5e-06,2458870.50212,2.42,0.6,1.24,768,11.0,46,11.54,5335,0.81,199.6,1.0670000314712524,8.6,28.075784022052876,,,,,,B
365061655,0.997125,3e-06,2459447.92482,7.04,0.84,1.36,2757,18.0,57,12.95,5618,1.1,546.6,1.024999976158142,1.6,45.88364425529205,,,,,,B
155816991,1.022856,0.00036,2460803.71217,6.51,0.13,2.16,4237,10.8,22,13.08,5061,0.98,431.5,1.3619999885559082,12.0,25.472418519457104,,,,,,B
386517761,1.076662,2e-06,2458518.7512,5.81,0.87,1.3,1619,14.5,87,12.7,5981,1.23,611.3,0.9629999995231628,14.9,17.593118783790924,,,,,,B
235711821,1.12765,2e-06,2458684.54401,3.38,0.66,1.27,1459,17.0,438,13.02,5179,0.79,360.7,0.9190000295639038,8.4,19.06927789662689,,,,,,B
429194238,1.155844,0.000249,2460804.03336,12.22,0.87,1.63,5869,14.3,19,13.0,5972,1.25,694.3,1.0540000200271606,1.5,21.77455536396439,,,,,,B
206190477,1.161204,8.5e-05,2460803.63931,14.3,0.79,1.5,16460,23.6,20,13.17,5219,0.9,430.7,1.0490000247955322,2.1,19.26648032706362,,,,,,B
363902263,1.196224,3e-06,2458764.71319,1.34,0.41,1.51,269,9.7,58,10.37,4943,0.79,98.7,1.02400004863739,8.4,17.204024922275547,,,,,,B
294502168,1.381524,1.6e-05,2459501.70007,2.52,0.68,1.98,315,12.4,76,10.78,6045,1.31,283.4,0.9739999771118164,14.6,17.98161479573105,,,,,,B
131351509,1.405073,4e-06,2458601.32825,5.04,0.82,1.2,2456,12.1,43,12.77,5376,0.85,362.3,1.0449999570846558,4.6,21.72363150116887,,,,,,B
425079746,1.411276,5e-06,2458411.79961,8.67,0.83,1.56,4662,20.9,29,13.28,5343,1.05,562.3,1.0219999551773071,5.2,27.01582366644258,,,,,,B
271016943,1.444691,3e-06,2458491.76159,2.26,0.68,1.3,825,15.8,101,11.67,4210,0.71,110.5,1.253999948501587,5.7,31.337884876542937,,,,,,B
240488148,1.512519,3e-06,2458711.42424,1.39,0.45,1.44,357,15.1,87,10.17,4403,0.67,58.7,1.0390000343322754,8.4,22.473243685138435,,,,,,B
156380270,1.521754,5e-06,2459528.01489,7.34,0.85,1.19,7138,18.9,43,13.45,3723,0.69,220.2,0.9919999837875366,6.9,82.96746184003585,,,,,,B
305962190,1.535217,4e-06,2459797.7247,14.44,0.86,1.91,8490,22.8,27,13.16,5712,1.29,739.4,0.9800000190734864,2.9,48.464628106938534,,,,,,B
289914452,1.542961,6e-06,2458326.86814,3.78,0.55,1.92,1332,8.5,59,12.74,5750,1.05,494.9,1.024999976158142,5.7,26.660257820095865,,,,,,B
344001494,1.74607,8e-06,2458654.82184,5.0,0.41,2.24,1868,10.1,65,13.19,5690,1.08,593.3,1.0110000371932983,12.3,15.84254477690903,,,,,,B
294760514,1.757815,0.000157,2460775.66855,12.89,0.53,2.06,16239,30.8,10,13.24,5378,0.94,466.9,0.9959999918937684,5.1,54.66910592334491,,,,,,B
61754177,1.878166,2e-06,2458493.15534,14.64,0.47,2.46,13186,32.3,35,13.46,6328,1.19,932.9,1.0809999704360962,1.9,32.19453110172142,,,,,,B
144402410,2.049078,1.5e-05,2458355.92992,3.06,0.17,3.96,427,8.5,33,11.83,6486,1.43,564.6,1.1799999475479126,9.4,55.87894891323989,,,,,,B
247638116,2.107076,9e-06,2458469.1893,8.54,0.47,2.39,5820,17.8,59,13.36,5963,1.08,643.2,1.0190000534057615,12.8,15.845211912102968,,,,,,B
14295906,2.12914,8e-06,2458520.12066,2.27,0.21,2.22,536,11.1,40,11.45,5437,0.93,225.0,1.2380000352859497,8.9,20.529675700181304,,,,,,B
440012871,2.194451,8e-06,2458766.85887,1.87,0.19,1.93,589,10.6,31,11.14,5133,0.77,145.2,1.1169999837875366,4.6,16.82399831619972,,,,,,B
419222827,2.225801,0.000186,2459770.98871,13.16,0.5,2.04,24044,37.8,7,12.65,4840,0.78,258.1,0.9700000286102296,2.3,37.40484692218813,,,,,,B
164447903,2.265531,0.000344,2460803.82304,14.93,0.16,3.71,9791,21.6,10,12.82,6271,1.44,812.0,1.0160000324249268,3.4,53.93750171176712,,,,,,B
411473566,2.265618,3e-06,2459826.63465,19.25,0.85,1.93,21262,46.2,22,13.25,5996,0.99,638.2,0.9940000176429749,1.8,30.09698780588845,,,,,,B
258641782,2.281738,0.000122,2460803.94379,14.76,0.8,1.77,20830,26.1,10,11.1,5142,0.81,152.5,1.2319999933242798,2.5,85.41911703664938,,,,,,B
47003733,2.28742,7e-06,2458519.75896,3.18,0.42,2.02,1420,8.9,42,12.94,4761,0.82,297.3,1.0260000228881836,4.2,48.037698086171275,,,,,,B
749671,2.295733,9e-06,2459770.82617,19.44,0.62,2.85,15494,14.3,15,13.12,6364,1.42,802.4,0.9919999837875366,1.2,22.748617925402304,,,,,,B
142792237,2.387548,1.1e-05,2458872.83527,1.56,0.47,1.62,569,11.0,52,11.24,4220,0.65,83.5,1.1480000019073486,9.5,28.575133674352237,,,,,,B
146661068,2.395639,4e-06,2458545.0992,8.91,0.86,1.78,3578,12.5,60,13.42,6245,1.23,871.6,1.1360000371932983,4.5,15.70600954984399,,,,,,B
193085550,2.50909,7e-06,2458546.67287,2.14,0.51,2.01,436,10.7,59,11.08,5626,0.92,200.5,1.159999966621399,6.2,35.15813506153462,,,,,,B
77066167,2.555061,0.00079,2460804.14569,11.25,0.81,2.1,7112,11.6,9,13.09,5519,1.14,587.3,0.9660000205039978,5.6,37.67057892262081,,,,,,B
403148006,2.626436,1.6e-05,2458766.15399,5.63,0.27,2.91,2438,8.8,40,13.16,6037,1.2,718.5,1.031999945640564,6.2,15.096520208473384,,,,,,B
366324132,2.688008,1e-05,2458493.81666,3.93,0.25,2.23,2216,12.5,66,13.1,4929,0.82,347.3,1.055999994277954,7.4,54.47757699181727,,,,,,B
56801166,2.744423,2e-05,2459501.49539,12.72,0.78,2.33,7685,11.4,30,13.38,6365,1.3,990.2,1.0399999618530271,2.8,15.740836531352793,,,,,,B
256004328,2.774962,8e-06,2458985.55194,1.44,0.4,1.61,662,12.0,61,11.39,3804,0.56,62.9,1.1640000343322754,10.5,47.271096753939965,,,,,,B
160117666,2.786092,4e-06,2458411.9208,16.02,0.74,2.11,22496,50.2,22,13.42,5287,0.86,493.6,1.0390000343322754,0.3,24.07883008632946,,,,,,B
234421611,2.789846,1e-06,2458492.12433,18.42,0.19,2.71,33963,84.8,21,13.16,5558,0.91,517.5,0.912999987602234,0.6,21.645345162294618,,,,,,B
10571962,2.791162,7e-06,2458492.23146,4.9,0.55,1.93,3565,8.1,15,12.83,5172,0.8,338.9,1.0800000429153442,4.2,24.372605201213133,,,,,,B
458579341,2.835038,3e-05,2458986.40704,4.06,0.17,3.8,557,7.3,16,11.85,6400,1.45,550.8,0.9570000171661376,10.0,25.04620046956176,,,,,,B
53208818,2.842761,7e-06,2458546.49682,3.3,0.52,2.11,1438,13.0,51,12.58,4682,0.84,245.6,0.9729999899864196,6.3,66.14591767230762,,,,,,B
178046820,2.848921,1.3e-05,2458792.40476,2.66,0.74,2.12,404,9.7,23,10.39,5894,1.19,200.7,0.975000023841858,14.6,29.938181087843738,,,,,,B
172215332,2.863614,1.1e-05,2458843.5745,7.76,0.87,1.72,3487,14.6,52,12.88,5793,1.08,535.3,1.10099995136261,2.1,18.01816111727784,,,,,,B
411099851,2.867287,0.000507,2460775.62376,6.63,0.52,2.64,2899,20.5,7,11.05,5637,1.12,206.1,1.065000057220459,2.0,16.0062551136381,,,,,,B
184555632,2.900614,9e-06,2458685.00853,10.65,0.18,2.86,9272,21.9,51,13.48,6428,1.08,834.6,0.9449999928474426,8.8,,,,,,,B
289990126,2.920521,6e-06,2458572.90552,2.95,0.87,1.25,995,10.8,51,12.12,4579,0.76,174.5,0.921999990940094,3.0,29.757112120405058,,,,,,B
306931685,2.925236,3e-06,2458354.9021,3.93,0.47,2.45,1013,14.7,285,12.02,6154,1.09,400.7,1.069000005722046,3.7,17.650924792190303,,,,,,B
437709086,2.925309,0.001465,2460562.19611,6.48,0.35,3.15,2169,11.8,8,12.63,6171,1.33,679.5,1.062000036239624,1.7,50.175487056853214,,,,,,B
269593126,2.955661,1.7e-05,2458388.32877,2.07,0.16,2.43,513,10.1,21,11.02,5293,0.85,156.3,0.9710000157356262,5.4,16.882546896136933,,,,,,B
55102356,2.963495,8.3e-05,2458820.14781,4.47,0.6,17.6,1108,10.5,26,12.4,5934,1.26,485.0,1.243000030517578,3.3,19.06720833194277,,,,,,B
121589942,3.030089,6e-06,2459174.88666,5.93,0.89,1.53,2262,13.4,25,12.74,5405,1.01,435.9,1.3270000219345093,10.3,43.9450155563918,,,,,,B
140344314,3.082803,1e-05,2458468.70797,5.36,0.22,2.5,3224,11.1,21,13.17,5305,0.9,405.4,1.0460000038146973,2.2,24.826229710315964,,,,,,B
157221324,3.120862,3.5e-05,2459744.66482,7.81,0.39,2.75,5697,8.8,16,13.26,5287,1.01,524.6,1.0180000066757202,5.8,18.15594950432523,,,,,,B
441702749,3.151124,1.2e-05,2458901.967,2.55,0.53,1.67,1471,10.8,35,12.66,4179,0.61,151.2,1.003999948501587,4.6,24.419679673568695,,,,,,B
211232031,3.159519,1.6e-05,2460128.02709,13.86,0.19,4.27,8602,10.0,13,13.41,5555,1.43,808.1,0.9319999814033508,3.0,30.54124873102291,,,,,,B
118935213,3.287485,4e-05,2458470.87132,13.68,0.22,2.69,17831,12.3,12,12.64,6097,0.94,449.0,1.0800000429153442,2.8,15.801105752334038,,,,,,B
73543060,3.311334,8e-06,2458547.78301,5.04,0.79,1.85,2278,16.6,20,12.11,5557,0.99,336.2,1.11899995803833,3.1,20.031797484542764,,,,,,B
79278415,3.348204,3.1e-05,2459701.59781,6.18,0.61,2.91,2146,11.6,7,12.03,5757,1.29,433.4,1.0670000314712524,3.3,43.0577409462898,,,,,,B
289089130,3.373045,1e-05,2458792.54381,6.76,0.84,2.4,2126,12.2,64,12.86,4548,1.23,386.8,0.99099999666214,8.3,17.692678757901344,,,,,,B
371573527,3.410179,6e-06,2459826.9259,13.46,0.45,3.39,8631,52.8,22,12.4,6123,1.35,610.5,1.1130000352859497,0.6,43.40662803561133,,,,,,B
339045240,3.437029,7e-06,2458684.52636,15.72,0.42,3.62,9805,24.6,27,13.08,6036,1.46,562.2,0.9789999723434448,0.8,18.487562366685864,,,,,,B
316778528,3.474838,5.6e-05,2459012.24314,3.6,0.21,3.23,804,11.7,26,11.56,6220,1.21,390.8,0.8880000114440918,10.2,34.15540315788395,,,,,,B
52972110,3.50996,4.5e-05,2458469.87935,13.35,0.18,5.27,8106,8.5,11,13.21,6098,1.45,832.5,1.1330000162124634,11.9,19.675466242728263,,,,,,B
384997300,3.539658,3.3e-05,2459798.59027,3.4,0.21,3.13,792,14.2,12,10.95,6102,1.18,265.5,1.2640000581741333,3.9,47.898641002935506,,,,,,B
11521052,3.544816,2.5e-05,2458520.78318,1.95,0.18,3.44,215,8.9,28,10.02,6362,1.3,216.1,1.1089999675750732,4.7,16.689827006231546,,,,,,B
39303816,3.554709,2.2e-05,2458984.58852,6.29,0.64,2.04,5839,10.2,18,13.47,4623,0.77,336.1,0.9919999837875366,4.0,18.67555189801205,,,,,,B
469942354,3.593474,1.4e-05,2458355.97311,2.52,0.41,2.57,619,11.5,20,11.02,5611,0.99,211.8,1.0369999408721924,8.2,77.51739859328279,,,,,,B
81643819,3.598548,3.7e-05,2459476.29663,4.78,0.65,2.15,2103,9.3,30,12.62,5926,0.97,452.6,0.8410000205039978,13.7,17.25918754410246,,,,,,B
302453503,3.629154,8e-06,2458326.11996,1.11,0.51,1.56,437,9.0,27,10.35,3621,0.51,32.9,,5.4,54.11271525567721,,,,,,B
241163081,3.629423,1.9e-05,2458845.56287,10.69,0.17,3.76,7361,33.5,16,12.92,6354,1.18,713.7,1.008999943733215,14.1,15.36598645042118,,,,,,B
160420269,3.70323,2e-06,2458685.16637,17.14,0.69,2.81,17528,74.6,111,13.23,5470,1.11,611.9,1.0049999952316284,1.9,38.15782210964466,,,,,,B
322806500,3.703771,0.000364,2460483.18967,14.95,0.34,3.23,14831,38.4,6,11.88,6001,1.15,372.2,0.9399999976158142,0.9,23.276151524474116,,,,,,B
381109438,3.708351,6e-06,2459450.79255,12.05,0.39,2.63,18699,47.1,21,13.41,4800,0.82,339.7,0.9660000205039978,0.4,34.38116581640891,,,,,,B
144439678,3.724416,1.2e-05,2458354.54898,3.11,0.83,1.35,1444,9.8,20,12.02,5500,0.75,249.8,1.0989999771118164,2.7,28.191537259728275,,,,,,B
275879021,3.740363,1.7e-05,2458601.79465,8.74,0.33,3.92,3361,12.7,26,13.38,5949,1.44,952.8,0.9869999885559082,3.4,22.7789885062524,,,,,,B
405303788,3.842945,2.1e-05,2459448.01963,2.95,0.57,2.57,634,10.9,15,10.63,5852,1.08,201.6,1.149999976158142,5.3,35.41677818361512,,,,,,B
290493311,3.921962,1.2e-05,2458631.36393,2.64,0.77,2.26,407,9.1,42,11.03,5678,1.19,253.5,0.7760000228881836,3.6,30.01836461603878,,,,,,B
214301302,3.931951,1.8e-05,2458327.46377,4.79,0.27,3.47,1183,10.4,18,12.42,6332,1.33,663.0,1.0779999494552612,2.3,99.09358746918517,,,,,,B
357504233,3.937343,9e-06,2458956.3554,13.2,0.86,2.63,5421,20.1,8,12.41,5816,1.46,617.1,0.9409999847412108,1.5,41.38259900758082,,,,,,B
292069796,3.964859,7e-06,2458494.32838,7.82,0.65,2.19,6414,15.4,17,13.02,5524,0.88,444.5,1.065000057220459,1.6,17.00768929533247,,,,,,B
147696248,3.980837,6e-06,2459338.67242,16.97,0.37,3.48,18698,42.2,15,13.41,5547,1.16,639.0,0.9940000176429749,0.4,17.421453788363095,,,,,,B
436923988,3.993822,1.9e-05,2458791.1618,2.89,0.27,2.47,1135,9.3,44,12.1,5369,0.86,267.9,0.9929999709129332,6.9,52.12340852855296,,,,,,B
389115138,4.011714,6e-06,2458742.70511,16.52,0.84,2.6,10435,33.2,25,12.9,5961,1.32,652.2,0.9679999947547911,1.4,20.56493697306916,,,,,,B
22748345,4.045425,8e-06,2458791.83732,3.61,0.87,1.34,1635,10.4,15,11.69,4820,0.74,156.8,1.1610000133514404,9.4,51.18964235492414,,,,,,B
186485981,4.112417,1.7e-05,2458767.06591,2.78,0.24,2.36,1178,10.3,22,12.02,4988,0.76,202.0,1.0549999475479126,1.4,29.30364968105155,,,,,,B
219344877,4.114706,1.5e-05,2458413.01149,1.84,0.58,1.94,647,8.7,44,11.99,4658,0.72,163.6,1.1480000019073486,8.2,51.81543571387977,,,,,,B
192207947,4.163655,3.8e-05,2458843.1527,10.14,0.37,3.93,5066,8.2,15,13.36,5502,1.36,769.8,0.9760000109672546,0.8,27.881980422698085,,,,,,B
289463006,4.399193,3e-05,2459012.64441,3.54,0.38,3.04,987,10.7,34,12.2,5678,1.08,400.1,0.9629999995231628,5.9,27.221127304642454,,,,,,B
376311198,4.413184,7e-06,2459800.83809,14.3,0.66,2.57,22502,73.7,11,12.76,4204,0.83,201.3,1.02400004863739,1.4,51.37699965127496,,,,,,B
159523968,4.537936,3.5e-05,2458902.44888,6.16,0.37,2.89,3287,10.7,8,13.09,5744,0.99,568.7,0.8970000147819519,0.3,57.54477167423921,,,,,,B
183449657,4.573497,5.4e-05,2459770.03531,17.86,0.38,4.29,12611,11.2,8,13.32,5849,1.46,905.9,0.8930000066757202,3.4,15.92841379847119,,,,,,B
231909373,4.6271,1.9e-05,2458328.05732,2.59,0.15,3.1,629,12.1,27,11.56,5949,1.0,302.1,0.975000023841858,5.7,61.17087896379538,,,,,,B
280882474,4.694608,2.9e-05,2458820.85268,4.49,0.25,2.99,1768,11.9,32,12.66,5868,0.99,433.6,1.0470000505447388,5.6,15.021273869051113,,,,,,B
32372477,4.739806,9e-06,2459700.31235,18.76,0.6,3.49,18329,51.0,6,12.36,6079,1.25,481.6,0.875,1.5,44.26892575147969,,,,,,B
38943164,4.779278,8e-06,2458329.5817,3.12,0.89,1.31,1353,11.9,204,13.06,4623,0.71,256.6,1.1979999542236328,8.4,26.775938835965896,,,,,,B
301237915,4.92536,2.1e-05,2459040.74212,5.96,0.59,2.34,5377,12.2,14,13.23,4891,0.8,339.2,0.962000012397766,2.2,18.47976757520581,,,,,,B
38128722,4.964041,2e-05,2458441.66237,4.54,0.45,2.87,1818,9.9,19,12.99,5672,1.0,514.0,1.215999960899353,4.5,34.6552655512819,,,,,,B
76253770,5.047008,7.7e-05,2459010.82222,3.33,0.4,2.93,1181,9.2,27,12.14,5706,1.01,366.0,1.0110000371932983,11.4,25.676215037001857,,,,,,B
141522719,5.172768,3.5e-05,2458820.82076,2.34,0.49,2.15,1231,9.4,33,12.48,4044,0.65,131.6,1.0049999952316284,5.0,35.76468083158965,,,,,,B
100283946,5.265386,6e-05,2459773.73396,9.33,0.52,3.85,3934,10.0,7,12.67,5881,1.38,582.2,1.090999960899353,4.6,30.559236206815367,,,,,,B
234057872,5.404986,1.4e-05,2458473.85468,10.55,0.54,2.69,13727,7.1,11,12.69,5122,0.82,310.5,0.944000005722046,0.9,17.787426529840573,,,,,,B
382032234,5.43186,1.4e-05,2458326.77031,2.22,0.51,2.79,400,11.0,160,12.16,6156,1.06,441.4,1.0130000114440918,3.0,41.66706607904314,,,,,,B
290028359,5.447182,2.1e-05,2458329.36285,4.09,0.28,4.32,792,10.0,19,11.72,5664,1.39,408.0,0.8730000257492065,7.5,15.090298554005695,,,,,,B
97847107,5.564146,2.3e-05,2458496.22476,2.74,0.47,2.36,1291,10.5,26,12.25,4950,0.75,215.4,0.9350000023841858,6.6,15.145980521834398,,,,,,B
178969331,5.570399,1.5e-05,2458442.16026,4.35,0.76,2.42,1445,8.9,19,12.55,5443,1.04,417.2,0.9570000171661376,8.2,17.62528895775369,,,,,,B
15833542,5.607711,1.5e-05,2458846.55813,19.39,0.24,5.06,14541,26.4,10,13.35,6004,1.5,974.7,1.1679999828338623,1.4,21.65591798149836,,,,,,B
90389750,5.62997,3.3e-05,2458684.69495,12.92,0.6,3.88,6161,8.7,18,13.4,6363,1.49,1069.8,1.0850000381469729,0.9,15.870673012379122,,,,,,B
171301886,5.664463,9e-06,2459501.28282,18.19,0.11,4.02,23599,81.5,15,13.13,5933,1.1,630.3,0.9539999961853028,0.7,65.15832380436484,,,,,,B
219116033,5.725711,1.6e-05,2458684.73453,3.34,0.69,2.09,1324,13.5,83,12.53,5409,0.82,322.4,0.9490000009536744,3.9,31.723981347239786,,,,,,B
301479144,5.763834,1.6e-05,2458792.74205,13.57,0.69,3.63,6725,19.8,11,12.92,6030,1.45,718.1,1.0230000019073486,1.4,16.73469187371024,,,,,,B
230923164,5.825705,1.8e-05,2458712.58152,11.02,0.42,3.98,6431,14.8,14,12.45,5964,1.29,565.9,0.8899999856948853,14.4,,,,,,,B
341420672,5.842848,1.9e-05,2458495.52552,2.37,0.39,2.36,1135,14.5,48,11.73,4582,0.69,129.1,1.1239999532699585,8.8,16.138631346502105,,,,,,B
393489810,5.930458,3.7e-05,2458388.18774,2.48,0.35,2.8,805,9.8,48,12.5,5283,0.87,326.9,0.944000005722046,12.1,22.43445626087793,,,,,,B
439360142,5.946154,3.3e-05,2458329.73126,2.58,0.7,3.16,296,10.5,10,9.35,6252,1.41,166.4,0.9110000133514404,10.5,137.95431617312147,,,,,,B
153492148,6.006111,2.6e-05,2458468.86789,10.2,0.69,3.41,5071,9.3,10,13.16,6242,1.36,832.7,1.0049999952316284,4.0,28.19326013037385,,,,,,B
386687523,6.016399,2.1e-05,2458576.40232,2.41,0.39,2.29,1267,11.2,26,12.43,4405,0.65,154.1,0.977999985218048,13.6,27.107722325411867,,,,,,B
9754741,6.01912,2.6e-05,2458819.70342,2.5,0.33,2.91,688,9.9,15,10.93,5507,0.91,178.9,1.027999997138977,2.4,30.743917413506484,,,,,,B
75484790,6.025073,3.4e-05,2458523.47992,4.71,0.2,2.81,4438,7.9,28,13.13,4594,0.73,241.4,1.0299999713897705,14.5,19.479958839007285,,,,,,B
191486406,6.065254,5.5e-05,2458767.89907,9.62,0.58,3.82,4045,12.0,11,13.42,6372,1.42,1077.5,0.9760000109672546,5.2,28.87182991678689,,,,,,B
55389771,6.164465,1.7e-05,2458326.0869,2.69,0.7,2.05,1211,13.1,163,13.13,4150,0.7,203.8,1.0230000019073486,12.4,17.827127829381205,,,,,,B
284852238,6.171111,5e-06,2458497.31381,18.34,0.75,2.65,27580,70.2,24,13.39,5414,0.93,543.4,0.9900000095367432,1.5,47.35721939866511,,,,,,B
257484286,6.195514,1.7e-05,2458388.69823,2.09,0.33,2.24,1141,9.9,13,12.03,3902,0.57,91.3,1.0479999780654907,9.0,75.08363908092629,,,,,,B
235986481,6.327174,3.3e-05,2458792.50175,2.83,0.63,2.18,1076,10.4,57,12.41,5849,0.82,321.9,1.159999966621399,13.4,33.272882170683545,,,,,,B
402339417,6.350484,1.2e-05,2458359.83299,2.45,0.89,1.17,1396,11.3,11,11.33,3661,0.52,53.0,1.2200000286102295,14.0,30.966321751592677,,,,,,B
219465243,6.357083,2.3e-05,2458689.17559,2.07,0.79,1.64,924,8.7,38,12.16,4005,0.63,108.4,1.1970000267028809,2.6,19.658469731919165,,,,,,B
142492500,6.385267,3.8e-05,2458685.3305,1.75,0.45,2.54,528,8.9,27,11.25,4629,0.75,120.1,0.9509999752044678,3.1,79.22890634717315,,,,,,B
17569149,6.549462,5.9e-05,2458956.83549,2.45,0.69,2.43,567,11.3,11,10.09,5511,0.94,127.0,1.0950000286102295,3.2,57.26024535974728,,,,,,B
285938573,6.719308,4.3e-05,2458793.1252,7.21,0.17,4.1,3709,9.8,11,13.12,5730,1.11,523.1,1.02400004863739,0.2,26.765085813912904,,,,,,B
166574088,6.830462,2e-05,2458606.60012,4.66,0.44,2.92,2886,13.6,11,12.41,5145,0.86,286.6,0.9139999747276306,2.6,15.572988967103004,,,,,,B
256122096,6.839725,4.9e-05,2459393.76935,8.01,0.49,3.08,8499,11.5,8,13.03,4804,0.86,316.1,1.0260000228881836,2.4,22.945294531540817,,,,,,B
408238254,6.854315,6.8e-05,2459452.02351,5.62,0.79,2.79,1660,9.4,6,11.99,5792,1.21,401.3,1.0149999856948853,2.5,52.871595212769115,,,,,,B
219696170,7.161748,5.1e-05,2458684.94347,2.65,0.3,2.72,1437,10.8,19,12.45,4039,0.68,135.4,1.0049999952316284,2.0,49.74418024340008,,,,,,B
86267265,7.270784,3.5e-05,2458843.3874,3.01,0.33,2.8,1605,11.2,19,12.23,4601,0.74,183.6,1.1699999570846558,4.3,42.9621172486633,,,,,,B
13719621,7.301466,0.000167,2459801.18555,9.27,0.14,4.15,6576,9.4,7,13.1,6004,1.09,626.3,0.9449999928474426,12.1,18.56524015980086,,,,,,B
454113027,7.347737,1.4e-05,2458444.67355,2.58,0.28,2.87,890,11.5,13,11.3,5546,0.83,183.6,0.9959999918937684,1.1,25.122887100555683,,,,,,B
230188738,7.373194,6.7e-05,2459798.28703,10.7,0.46,2.94,14710,12.3,7,13.36,5827,0.83,527.0,0.972000002861023,1.3,18.424783051232712,,,,,,B
278538946,7.408995,2.8e-05,2458328.8154,2.33,0.28,3.43,526,8.1,9,10.66,5404,0.98,165.5,1.0140000581741333,4.4,60.30136568554327,,,,,,B
270165455,7.445864,2.8e-05,2458331.30428,3.33,0.78,2.41,895,9.7,11,11.34,5765,1.02,260.5,1.0219999551773071,2.4,43.78992355009799,,,,,,B
5725353,7.559226,6.3e-05,2459091.3356,4.24,0.26,3.51,1850,11.9,12,12.42,5507,0.98,376.6,0.9700000286102296,12.3,38.69250380996909,,,,,,B
440213449,7.627577,5.2e-05,2458822.136,14.22,0.88,3.25,6562,7.9,8,13.32,5668,1.36,654.7,0.9480000138282776,5.3,21.159979830894777,,,,,,B
368174688,7.726606,2.1e-05,2458819.59198,16.87,0.81,3.61,9140,19.6,8,12.77,6155,1.49,,1.3960000276565552,0.8,15.853130051298711,,,,,,B
431119722,7.736467,1.2e-05,2458743.22419,18.43,0.16,4.84,16810,53.0,9,13.19,6454,1.32,924.7,1.0640000104904177,0.5,16.683344970156703,,,,,,B
437356222,7.856109,2.6e-05,2458608.09841,2.43,0.5,2.93,754,12.5,7,10.5,4697,0.83,97.9,1.062000036239624,4.1,29.361094672060915,,,,,,B
138469147,7.958999,8.8e-05,2458817.95838,2.12,0.27,4.22,252,11.8,33,10.2,6430,1.3,234.0,1.0859999656677246,4.2,58.89857233646992,,,,,,B
234341528,7.964641,5.2e-05,2458330.65839,1.96,0.33,3.22,434,9.6,23,10.99,5497,0.91,182.9,1.0269999504089355,5.8,52.55505893816338,,,,,,B
154314396,8.021429,3.2e-05,2458497.93875,2.01,0.25,3.03,522,11.8,11,10.17,5465,0.83,114.3,1.0460000038146973,6.1,16.283713409819732,,,,,,B
219758967,8.141468,2e-05,2458686.61392,2.39,0.89,1.56,732,12.5,107,12.2,4169,0.7,134.8,1.22599995136261,0.5,31.044778954491942,,,,,,B
390928439,8.144337,2e-05,2458792.96507,18.03,0.6,3.84,20045,37.5,8,13.18,6103,1.15,543.3,1.0789999961853027,4.3,16.42168450758086,,,,,,B
10113012,8.246716,7.2e-05,2458904.00738,2.21,0.43,3.06,505,8.6,6,10.11,5660,0.92,130.5,1.090000033378601,2.9,91.12644635155443,,,,,,B
288979445,8.291853,3.6e-05,2458821.87659,6.56,0.84,2.21,3528,10.4,16,13.1,5417,0.9,444.0,1.0399999618530271,6.4,20.251223964223147,,,,,,B
38952118,8.384649,3.2e-05,2458328.03715,3.06,0.73,2.91,610,9.7,16,11.39,5776,1.11,294.1,0.9459999799728394,1.8,21.73931670669307,,,,,,B
60907845,8.43755,4.8e-05,2459257.16907,3.97,0.19,3.51,1661,11.4,11,12.58,5659,0.92,405.2,1.2799999713897705,6.4,21.716240075583777,,,,,,B
269772145,8.520163,1.7e-05,2458329.23528,11.1,0.27,4.15,8264,22.4,12,12.73,6298,1.17,648.6,0.9520000219345092,0.4,15.19042510770494,,,,,,B
357053413,8.540074,0.000101,2459477.30602,11.08,0.6,4.52,6199,10.7,7,12.71,5982,1.41,513.6,1.02400004863739,14.2,16.774854357622726,,,,,,B
235717862,8.558748,4.1e-05,2458689.5006,4.06,0.25,3.31,2096,12.1,59,13.18,5534,0.88,483.7,0.9539999961853028,2.4,33.6027797412851,,,,,,B
439099290,8.613294,0.000111,2459776.57833,10.73,0.19,4.65,7027,8.6,6,13.36,6083,1.19,744.1,0.9950000047683716,0.9,23.285452008216676,,,,,,B
7857354,8.674434,1.2e-05,2458685.74559,19.64,0.75,3.62,20107,47.0,21,13.28,6191,1.19,827.4,1.11899995803833,0.8,19.637906051438275,,,,,,B
197829418,8.832473,5.8e-05,2458361.99106,3.78,0.6,3.14,1286,10.5,17,12.57,5753,1.01,457.8,1.059999942779541,5.7,47.98765024658949,,,,,,B
115353752,9.042385,0.000114,2458959.40731,1.24,0.15,4.25,108,7.3,13,7.56,6407,1.16,63.1,1.087000012397766,13.1,44.41439648422555,,,,,,B
381107937,9.072223,4e-05,2458417.15645,2.4,0.19,3.26,822,10.6,13,11.38,5264,0.82,177.8,1.0800000429153442,4.4,18.49019640926011,,,,,,B
12377308,9.136676,3.6e-05,2458359.02145,2.23,0.48,2.75,921,12.3,7,11.09,4327,0.71,90.8,1.1690000295639038,4.6,95.51565609865408,,,,,,B
273395731,9.138945,2e-05,2458329.47984,2.39,0.81,2.13,550,9.9,18,10.75,5561,0.9,166.0,0.7540000081062317,11.7,40.88753826777255,,,,,,B
284016412,9.149881,3.6e-05,2459797.47875,18.61,0.5,5.12,12889,44.2,6,12.85,5979,1.48,768.7,0.944000005722046,2.1,60.601272657321935,,,,,,B
363779498,9.240435,3e-05,2458606.90195,2.57,0.4,3.25,755,11.3,15,11.45,5552,0.92,227.1,1.0,4.4,19.010628947991705,,,,,,B
168305467,9.271395,5.5e-05,2458660.81538,11.42,0.36,5.19,6353,11.4,5,13.14,5759,1.39,758.4,0.9769999980926514,1.6,22.724105682135477,,,,,,B
366047768,9.498981,4.4e-05,2458717.96247,1.58,0.28,3.13,334,10.8,19,9.23,5144,0.8,63.7,0.8270000219345093,1.9,15.038884175653813,,,,,,B
139456747,9.563995,7.2e-05,2458329.79904,11.85,0.71,4.55,5452,8.9,6,13.34,5566,1.48,904.6,1.1019999980926514,1.4,46.17532542669868,,,,,,B
322220251,9.765658,5.8e-05,2458819.66128,18.74,0.89,3.44,13069,12.5,5,13.39,5519,1.19,644.5,1.031999945640564,5.6,21.395001250565528,,,,,,B
102841287,9.874566,5.6e-05,2458844.57898,2.64,0.28,3.53,776,11.9,14,11.43,5267,0.89,201.4,1.1100000143051147,3.5,39.402450088271486,,,,,,B
363768499,10.025311,4.6e-05,2459018.85356,3.21,0.56,2.62,2172,11.9,7,11.49,3995,0.65,81.4,1.1069999933242798,1.4,24.877965680654608,,,,,,B
74393096,10.223792,3.8e-05,2459480.56705,12.38,0.59,3.47,15361,32.3,10,13.25,5285,0.91,349.3,1.0980000495910645,1.7,26.39049837001907,,,,,,B
349897758,10.281621,1.5e-05,2458662.18184,8.5,0.88,2.18,6038,21.8,5,12.13,5456,0.85,277.9,1.0149999856948853,1.3,16.707115468249146,,,,,,B
357176479,10.313751,6.1e-05,2458720.6753,11.06,0.58,5.03,5127,13.7,9,13.27,5575,1.46,828.0,1.062999963760376,2.6,23.56691309573753,,,,,,B
430441139,10.366793,3.7e-05,2458744.91241,8.39,0.15,3.73,10077,30.0,10,12.51,5254,0.78,283.3,1.008999943733215,13.1,15.822097896029115,,,,,,B
427931016,10.367019,6.7e-05,2458768.01544,2.3,0.3,3.73,429,10.5,21,10.31,6130,1.03,181.0,0.906000018119812,2.2,27.0953343797172,,,,,,B
26432942,10.387508,5e-05,2458796.76497,1.34,0.61,1.91,848,9.8,14,10.95,3514,0.45,34.3,,6.5,61.57272369185994,,,,,,B
124786136,10.505143,4.3e-05,2459311.76581,8.94,0.7,3.44,5397,14.0,7,13.0,5912,1.08,611.1,1.00600004196167,2.1,20.500379439438863,,,,,,B
206666344,10.510106,4.4e-05,2458354.58829,3.08,0.59,2.91,1118,10.9,7,11.5,5688,0.87,236.3,0.9520000219345092,2.4,58.75181582839186,,,,,,B
281283748,10.733922,4.4e-05,2458547.98029,3.38,0.18,3.07,2315,11.5,9,12.67,4899,0.68,239.7,1.0210000276565552,1.4,23.011502111122724,,,,,,B
156740265,10.808697,3.9e-05,2458846.7651,11.9,0.12,5.65,15318,60.8,7,12.66,5418,0.92,381.2,1.062000036239624,1.8,43.353483055746686,,,,,,B
117509477,10.844526,0.000111,2458331.09797,3.24,0.68,4.26,527,9.8,7,10.24,5000,1.33,151.1,0.8989999890327454,4.5,27.016345387515848,,,,,,B
164151060,11.097668,2.7e-05,2458745.69343,2.77,0.44,2.83,1523,14.5,6,11.33,4001,0.64,74.6,1.02400004863739,4.3,24.10871302646161,,,,,,B
47480947,11.123034,4.1e-05,2458545.23708,3.14,0.63,2.75,1208,13.3,14,11.86,5315,0.81,228.1,1.0950000286102295,3.9,58.578377597695074,,,,,,B
50311060,11.325389,7.9e-05,2458326.49341,6.0,0.18,7.22,1867,10.5,19,12.91,5673,1.38,682.8,0.9670000076293944,14.8,17.20901698026093,,,,,,B
137834970,11.4445,0.000141,2458721.82061,7.02,0.34,4.6,3700,10.8,10,13.26,5617,1.13,676.1,1.0570000410079956,4.2,36.99835489307069,,,,,,B
412454331,11.603462,1.3e-05,2458498.51292,17.3,0.78,3.64,26521,43.5,10,13.3,5138,0.88,432.3,0.996999979019165,14.6,15.136769130251244,,,,,,B
306423037,11.662485,0.000117,2458775.75396,3.29,0.28,4.34,846,10.0,7,11.24,5799,1.1,246.3,0.9819999933242798,5.1,38.935391054206775,,,,,,B
261119502,11.756168,3.3e-05,2458632.14165,5.73,0.66,3.94,1798,14.7,13,11.3,6078,1.23,326.8,0.9610000252723694,10.4,,,,,,,B
224296861,11.800127,0.000103,2458719.92914,7.96,0.8,3.1,4066,13.0,10,13.33,5884,1.08,705.3,0.9900000095367432,1.3,27.049756422416,,,,,,B
218962245,12.100507,0.000102,2458365.44403,4.19,0.78,3.01,1221,10.5,8,11.86,5538,1.05,322.8,1.0509999990463257,3.9,27.103319553179045,,,,,,B
47734555,12.101578,6.7e-05,2458694.47058,1.88,0.21,3.37,693,12.0,29,11.56,4600,0.72,130.9,1.090999960899353,2.5,24.600701660400865,,,,,,B
402676773,12.145664,6.4e-05,2458637.15708,3.36,0.25,5.52,509,10.4,16,10.22,6466,1.47,264.8,0.8569999933242798,4.4,23.957758224361346,,,,,,B
5453337,12.349375,1.4e-05,2458554.03006,18.77,0.15,6.43,20343,62.5,8,13.26,5719,1.26,759.2,1.1799999475479126,2.7,57.84191456995596,,,,,,B
353817781,12.651726,7.2e-05,2458687.28298,2.37,0.5,3.76,469,11.6,54,11.8,5778,1.03,327.7,1.0119999647140503,5.6,15.811466574769629,,,,,,B
132312407,12.676873,5.8e-05,2458497.7361,6.6,0.25,3.29,5356,11.0,15,13.26,6221,0.8,449.1,1.0269999504089355,0.7,17.82192083064481,,,,,,B
355868968,12.740473,5.5e-05,2458712.87405,2.66,0.83,2.03,1186,11.7,15,11.63,4670,0.69,134.5,0.9810000061988832,6.6,32.449822828306445,,,,,,B
245452445,12.815979,2.8e-05,2458610.08936,10.41,0.63,3.71,10198,24.4,10,13.43,5537,0.95,545.9,1.0260000228881836,2.3,16.464411753745924,,,,,,B
206484753,12.841197,0.000149,2458386.97404,5.35,0.23,4.64,2077,13.4,7,12.63,6122,1.13,587.6,0.9539999961853028,3.1,45.63683040344011,,,,,,B
160584310,12.851997,5.4e-05,2458687.31499,1.47,0.16,3.53,362,10.0,50,10.54,4885,0.75,97.9,0.8539999723434448,4.2,34.7372447359427,,,,,,B
405171189,12.911759,5.6e-05,2459458.29048,13.37,0.46,4.37,14936,18.9,7,13.43,5576,1.01,610.2,0.9100000262260436,1.2,60.13767513959263,,,,,,B
116379375,12.97764,7.6e-05,2458739.26496,2.88,0.64,3.27,705,11.5,11,10.78,5862,0.98,201.2,0.878000020980835,9.9,86.4239723763233,,,,,,B
37068395,13.162528,4e-05,2459703.12228,8.66,0.28,3.7,10894,22.1,3,12.7,5305,0.8,311.6,0.996999979019165,2.0,18.19052749606469,,,,,,B
256744663,13.193057,8.7e-05,2458696.60586,3.81,0.51,3.52,1607,10.1,31,12.72,5407,0.9,380.1,0.9879999756813048,4.8,18.16814948481833,,,,,,B
219374818,13.243986,3.4e-05,2458419.19457,2.8,0.26,3.66,1031,12.8,13,11.8,5394,0.85,240.9,0.9929999709129332,4.6,19.23860203217658,,,,,,B
243422364,13.300189,3.3e-05,2458606.54389,10.8,0.58,5.03,5024,19.7,9,13.04,5941,1.4,787.5,0.9190000295639038,2.7,21.817483097438515,,,,,,B
141937667,13.359342,0.000103,2458576.09336,7.48,0.19,6.0,2895,10.1,10,13.01,5979,1.35,751.3,0.9729999899864196,5.7,31.090380871220734,,,,,,B
12826341,13.469702,0.000113,2458803.52086,2.63,0.73,2.7,834,8.3,15,11.07,5067,0.82,146.2,1.00600004196167,2.3,17.944551401804983,,,,,,B
156923693,13.482533,8.4e-05,2458854.16011,2.52,0.53,3.0,1022,12.9,5,10.61,5503,0.78,131.9,0.8709999918937683,5.7,16.566567250557576,,,,,,B
139885709,13.585347,0.000113,2458524.96682,2.54,0.28,4.22,505,10.9,13,10.64,6401,1.1,212.0,0.8339999914169312,0.5,19.894184581943925,,,,,,B
219893931,13.669921,8.1e-05,2458695.90071,3.03,0.19,5.38,510,17.9,60,11.65,6136,1.27,410.5,1.059000015258789,6.3,30.3852267830645,,,,,,B
355072530,13.698274,5.2e-05,2458827.01576,10.32,0.84,2.88,8166,21.4,6,12.66,6120,0.91,473.1,0.9729999899864196,1.5,34.09778120972075,,,,,,B
260656989,13.723108,2.2e-05,2458325.90906,3.06,0.51,3.99,722,24.4,51,11.02,6121,1.1,258.0,0.8270000219345093,8.7,24.07194024318782,,,,,,B
23223471,13.743994,5e-05,2458553.79241,2.7,0.16,4.15,768,14.2,10,11.06,5903,0.93,214.7,1.0779999494552612,6.7,38.40325705040516,,,,,,B
389125236,13.74932,4.6e-05,2458332.57137,2.91,0.15,4.93,636,9.7,9,10.69,5894,1.11,219.9,0.9200000166893004,14.8,42.52361251512782,,,,,,B
199684025,13.810197,6.6e-05,2458743.77312,4.12,0.48,3.71,1780,14.0,27,12.71,5386,0.91,388.7,0.9990000128746032,5.3,34.209171968014765,,,,,,B
301944009,14.022409,1.7e-05,2458769.07159,17.39,0.24,5.05,22043,91.2,6,12.43,6001,1.11,483.9,0.9049999713897704,1.9,39.34930288496573,,,,,,B
456936942,14.147139,5.9e-05,2458771.278,3.88,0.84,2.17,1952,11.9,10,12.03,5407,0.77,233.6,1.0989999771118164,3.6,49.13783469394543,,,,,,B
199229456,14.321108,4e-05,2458693.94617,5.57,0.68,3.26,3296,18.0,6,11.36,5086,0.87,177.5,0.8550000190734863,2.9,15.931244448339717,,,,,,B
456443762,14.586138,5.1e-05,2459778.96259,7.97,0.84,2.77,5769,27.6,6,12.02,4939,0.87,226.3,0.9509999752044678,1.7,15.196870604409948,,,,,,B
97797589,14.841244,7.1e-05,2458493.75833,2.72,0.23,3.38,1457,13.6,10,11.84,4973,0.71,169.4,0.9639999866485596,2.3,20.14443461053236,,,,,,B
152113482,15.166518,7.9e-05,2458586.15091,3.68,0.2,4.81,1017,15.0,8,11.48,6122,1.12,325.3,0.8270000219345093,7.9,29.07452799857479,,,,,,B
160071269,15.216706,8.5e-05,2458693.02761,3.15,0.69,2.68,1599,11.9,20,12.62,4566,0.69,193.6,1.034999966621399,7.1,17.415925133222018,,,,,,B
76423028,15.285908,0.000144,2459017.23982,3.75,0.39,5.49,732,10.3,11,11.15,5782,1.33,316.0,0.8920000195503235,2.4,22.1552026166458,,,,,,B
7780510,15.321453,0.000119,2458417.97314,3.43,0.22,4.7,1108,11.0,11,11.86,5695,1.04,325.2,1.0290000438690186,2.5,32.31525751823767,,,,,,B
323621614,15.560887,0.000123,2458612.05379,10.87,0.78,3.62,10426,7.9,12,13.3,5665,1.03,569.3,1.008999943733215,9.8,17.113910023346698,,,,,,B
441287152,15.673263,0.000127,2458661.46308,2.79,0.65,3.32,797,10.7,6,10.91,5438,0.9,163.8,0.9890000224113464,11.2,42.664008778371304,,,,,,B
95249565,15.998181,4.6e-05,2458492.16156,17.58,0.16,9.12,15461,74.2,7,12.65,6429,1.33,743.7,0.9419999718666076,1.7,59.831933907432976,,,,,,B
229506978,16.7175,0.000113,2458696.97157,2.96,0.75,3.31,701,9.6,39,11.8,6066,1.06,365.2,0.9629999995231628,7.5,19.49404388840837,,,,,,B
29778632,16.843372,6.2e-05,2458334.25167,3.47,0.2,6.57,593,17.8,57,11.69,5740,1.37,401.8,0.8220000267028809,1.6,44.34746775880647,,,,,,B
302377820,16.871675,4.3e-05,2458328.66338,3.66,0.15,4.81,1239,15.5,4,10.48,6135,1.0,189.0,0.9210000038146972,8.4,23.12892844702449,,,,,,B
22223911,16.874701,0.00011,2458547.43833,2.84,0.24,6.36,394,15.3,7,9.49,5838,1.42,157.6,0.9350000023841858,2.3,17.630424657180583,,,,,,B
323475697,17.296396,0.000149,2458521.40869,3.19,0.64,5.01,437,12.1,12,10.47,5760,1.39,225.3,1.062999963760376,13.8,37.581788604274486,,,,,,B
1538119,17.544594,5.5e-05,2458528.07942,7.11,0.83,2.61,7309,14.5,6,12.96,4974,0.72,297.5,0.9850000143051147,0.7,24.990449779469728,,,,,,B
270817887,17.922893,0.000118,2458773.19066,10.1,0.16,6.81,5264,14.6,6,13.27,6140,1.31,735.1,1.003000020980835,4.6,15.477459938179638,,,,,,B
302281529,18.244618,0.000174,2458361.26679,3.59,0.25,4.7,1175,17.5,18,11.87,5786,1.01,324.9,1.0210000276565552,9.3,16.346836361382536,,,,,,B
98956067,18.249899,0.000119,2458576.83482,5.37,0.7,4.02,2334,12.1,8,12.49,5473,1.06,406.0,0.9589999914169312,7.5,34.42171992985,,,,,,B
1607816,19.529584,5.1e-05,2458521.28199,14.46,0.89,3.55,12646,16.7,6,12.91,5737,0.99,515.3,1.1410000324249268,5.4,31.905192570882125,,,,,,B
2351709,19.533742,0.0001,2458520.21732,4.66,0.27,5.09,1742,12.4,7,12.09,6059,1.09,403.9,0.878000020980835,1.2,15.448341727582426,,,,,,B
172737641,20.759383,8.8e-05,2458472.08359,11.82,0.11,7.52,10373,39.4,4,12.82,5942,1.1,579.7,1.0160000324249268,2.7,37.13224222640565,,,,,,B
124173216,20.923939,7.1e-05,2458574.07877,4.39,0.78,3.07,1850,9.2,6,12.4,5833,0.91,379.2,0.9369999766349792,14.1,17.227646572204446,,,,,,B
175491718,21.56304,7.2e-05,2458406.5712,4.04,0.88,2.56,1544,9.8,6,11.83,5073,0.85,216.4,0.9390000104904176,6.1,60.325122725758426,,,,,,B
32032563,21.695366,0.000105,2458342.42323,3.82,0.64,4.02,1193,11.8,35,12.82,5817,1.0,507.9,0.9459999799728394,8.0,47.894173340741986,,,,,,B
334575487,21.952948,0.000102,2458538.76945,3.14,0.59,3.26,1846,11.6,5,12.05,4906,0.7,182.6,1.090000033378601,9.5,39.9993782734021,,,,,,B
153896730,22.766952,0.000112,2458844.35907,4.83,0.28,4.49,3334,20.4,8,12.34,4774,0.8,220.8,1.10099995136261,0.4,46.19501115313973,,,,,,B
441565696,22.84049,0.000123,2458817.38817,4.34,0.57,4.04,2672,18.0,7,11.98,4280,0.78,145.9,1.184000015258789,3.8,45.85171786284415,,,,,,B
330484100,22.875149,9.9e-05,2458758.96511,7.99,0.68,3.75,7063,17.5,8,12.62,6070,0.9,378.5,1.2079999446868896,5.2,17.19874310357978,,,,,,B
44669885,22.994077,0.000105,2458411.29162,3.63,0.55,6.18,596,15.6,6,10.12,5683,1.43,205.7,0.9380000233650208,7.5,51.07708672333768,,,,,,B
229651583,23.008254,0.000388,2458901.44003,1.66,0.16,5.97,211,9.4,3,7.46,5704,1.1,47.1,1.0399999618530271,5.0,15.774662050636437,,,,,,B
158505607,23.03175,4.7e-05,2458551.39142,19.61,0.58,6.22,18020,47.1,5,12.97,5974,1.34,736.0,0.9380000233650208,1.6,31.06715921978133,,,,,,B
397069902,23.230758,0.000131,2458820.36706,10.39,0.79,4.34,5306,13.2,8,12.59,6303,1.24,621.8,1.0260000228881836,2.3,16.494058608507643,,,,,,B
237254473,23.431428,0.000178,2458703.18315,3.45,0.18,6.3,650,15.1,32,11.71,6334,1.29,406.6,1.0429999828338623,3.5,27.504446040309016,,,,,,B
203362403,23.528193,0.0002,2458580.32329,7.86,0.25,7.6,2699,11.9,4,12.18,6045,1.5,581.2,0.977999985218048,3.2,21.88819524788649,,,,,,B
55757627,23.782396,6.2e-05,2458340.99546,7.02,0.76,4.26,2948,16.9,42,13.05,5890,1.12,623.2,0.9459999799728394,15.0,17.662080561206245,,,,,,B
327937530,24.015051,7.4e-05,2458345.4548,2.94,0.7,3.24,1432,11.3,6,11.76,4622,0.74,147.7,1.0859999656677246,3.4,42.969223670966755,,,,,,B
147898114,24.566586,7.3e-05,2458698.30651,10.88,0.78,4.21,8347,36.0,6,12.71,5491,1.05,465.9,0.9390000104904176,2.4,35.341373952261264,,,,,,B
206545770,24.570826,0.000291,2458346.51819,13.61,0.44,7.44,7639,14.6,6,13.32,6061,1.5,1035.7,0.975000023841858,4.8,70.16505043443576,,,,,,B
258827696,25.16919,0.000107,2458697.52771,1.69,0.16,4.57,404,16.0,38,10.99,5342,0.81,155.1,0.8759999871253967,5.7,26.66935746551771,,,,,,B
220555302,25.176783,0.000123,2458336.58414,3.78,0.14,5.5,1344,17.8,9,11.73,5792,0.98,301.3,0.9259999990463256,8.3,45.15724177692252,,,,,,B
155654838,25.657623,0.000233,2458705.41826,2.3,0.16,4.51,892,14.8,11,11.28,4910,0.76,139.5,0.9490000009536744,5.5,86.98778264461988,,,,,,B
168004258,25.984262,0.00016,2458551.85155,5.92,0.68,5.12,1751,9.1,7,12.49,6177,1.29,627.4,1.062000036239624,12.0,15.058926091230065,,,,,,B
238187210,26.026892,3.5e-05,2458334.26044,18.94,0.84,5.95,11357,30.1,16,12.94,5708,1.48,725.4,1.0110000371932983,2.5,20.99082519450022,,,,,,B
350433689,26.497733,0.000114,2458336.81286,3.0,0.84,3.06,727,10.4,39,12.09,5530,0.96,315.2,1.1779999732971191,8.2,25.04240262115854,,,,,,B
167525876,26.784356,0.000163,2458373.02435,3.23,0.72,5.12,526,7.7,36,11.92,5677,1.31,410.8,1.0219999551773071,3.8,21.274056513670885,,,,,,B
410900260,27.615245,0.000111,2458476.74906,2.37,0.16,4.86,719,16.3,9,10.76,5867,0.86,172.7,0.8659999966621399,1.8,25.924609757787533,,,,,,B
126790589,27.676402,9.9e-05,2458523.05675,2.44,0.62,4.27,553,11.0,7,9.45,6119,1.01,118.3,0.9919999837875366,4.0,27.716247747524548,,,,,,B
195665214,28.142788,0.00018,2458733.17364,2.43,0.25,5.72,448,18.0,7,9.23,5937,1.09,112.2,0.8679999709129333,12.7,19.015906323906556,,,,,,B
170638116,28.248693,0.000172,2458416.23171,3.19,0.54,4.44,1224,10.5,6,12.02,5145,0.88,248.4,1.0440000295639038,1.3,55.0159895256184,,,,,,B
145411773,29.069456,0.000179,2458513.45369,9.77,0.17,7.82,5392,19.1,4,12.21,5641,1.27,457.5,0.9760000109672546,1.7,16.38461222687115,,,,,,B
140361575,29.384069,0.000113,2458523.3987,2.45,0.86,2.8,587,10.5,6,10.1,4851,0.81,85.7,1.0479999780654907,11.8,20.300793258102427,,,,,,B
231281916,29.517217,0.000128,2458371.7725,9.35,0.87,4.09,3886,21.1,5,12.38,6079,1.22,553.8,1.100000023841858,6.8,15.98731596100939,,,,,,B
53785558,0.533179,0.000193,2458544.67892,6.01,0.92,0.92,1375,16.4,234,12.8,5598,1.26,454.9,7.745999813079834,4.4,17.80050060051665,,,,,,C
176517081,0.537749,1e-06,2458468.93811,5.89,0.7,0.93,3397,26.6,76,12.52,6481,0.84,348.9,4.433000087738037,2.0,29.799648511331675,,,,,,C
444978808,0.553372,1e-06,2458843.06355,8.73,0.94,0.83,4004,21.3,80,13.09,4367,0.78,248.8,1.2039999961853027,5.4,27.55262464252906,,,,,,C
355358844,0.554021,1e-06,2458468.6183,6.82,0.9,0.98,2245,22.5,425,13.08,6003,1.09,621.5,0.968999981880188,5.2,24.74481572951653,,,,,,C
393651103,0.57537,2e-06,2458956.33581,10.85,0.92,1.02,5035,14.5,81,13.42,5782,1.05,689.0,2.0420000553131104,7.2,30.25123880776748,,,,,,C
396713424,0.586471,1e-06,2458816.89724,9.22,0.95,1.16,2074,20.3,291,12.82,6340,1.35,703.4,1.0119999647140503,4.6,21.419569770213453,,,,,,C
306122285,0.602845,0.000101,2458765.1324,4.2,0.92,0.72,1084,10.6,106,12.35,5822,0.95,390.4,2.7049999237060547,2.5,81.0186432122572,,,,,,C
55126271,0.637546,1e-06,2458817.35354,7.97,0.95,0.82,3421,22.3,123,12.79,4631,0.82,243.6,1.003000020980835,0.8,26.42304004790306,,,,,,C
365964188,0.658711,1e-06,2458766.80415,4.85,0.56,1.14,2852,14.8,90,13.17,5912,0.82,508.7,3.67300009727478,4.3,51.90980118197188,,,,,,C
83449301,0.662199,2e-06,2458600.19463,4.63,0.86,0.97,1517,10.7,120,12.61,5538,0.99,397.6,2.374000072479248,2.5,32.85615893675907,,,,,,C
335955084,0.664381,0.000112,2460775.92863,6.58,0.93,1.05,2033,9.9,26,11.92,5251,1.15,318.2,1.2660000324249268,5.4,32.84223874870991,,,,,,C
376779478,0.699734,4e-06,2459797.79838,5.4,0.82,1.27,1518,11.3,89,12.61,6266,1.25,645.2,3.723999977111816,10.5,17.82183896219595,,,,,,C
385268001,0.704067,1e-06,2458544.77684,9.67,0.97,1.13,2306,24.0,158,12.63,4938,1.15,388.2,1.1519999504089355,3.7,25.16585049201388,,,,,,C
54099329,0.706434,3e-06,2458601.84632,2.47,0.76,1.45,313,8.9,93,10.97,5981,1.3,265.2,3.0920000076293945,6.5,16.1678046961555,,,,,,C
269746198,0.714152,0.000296,2460560.02168,10.85,0.92,1.32,3681,14.3,17,12.79,5777,1.23,597.9,3.4189999103546143,3.9,36.968565596691334,,,,,,C
314643208,0.722487,2e-06,2458712.02284,10.83,0.95,1.29,2898,15.3,155,13.31,6276,1.41,990.9,1.1990000009536743,3.0,16.461141752124774,,,,,,C
360808672,0.725931,2e-06,2458654.48139,4.63,0.82,1.09,1490,9.7,97,12.94,5331,0.98,443.7,3.992000102996826,1.7,20.77015504603033,,,,,,C
115558187,0.764195,2e-06,2458817.93868,9.09,0.53,1.74,5346,25.0,163,13.34,5959,1.12,655.5,1.8539999723434448,12.2,16.061083990633634,,,,,,C
233890020,0.789238,1e-06,2458683.94676,16.31,1.02,1.2,2246,14.4,262,13.02,6170,1.46,804.1,1.4570000171661377,14.7,19.804649741586843,,,,,,C
217584757,0.809073,2e-06,2459825.89496,5.81,0.87,1.03,2202,18.0,62,12.69,5678,0.99,421.7,1.6360000371932983,3.4,24.544262381122863,,,,,,C
369605339,0.830106,2e-06,2459825.5907,7.82,0.82,1.23,3855,19.6,61,13.18,5829,1.03,598.6,1.468000054359436,4.3,26.03546786554477,,,,,,C
68945004,0.848839,0.000256,2458843.21873,7.5,0.97,0.92,1522,10.1,166,13.05,6133,1.24,743.9,1.128999948501587,5.9,40.310500274876425,,,,,,C
153895899,0.854854,3e-06,2459011.10514,8.19,0.98,0.93,1453,10.4,155,12.92,5993,1.22,692.5,1.434999942779541,0.4,18.255352859272097,,,,,,C
327292470,0.855337,0.0,2458766.77975,19.08,0.99,1.76,14133,59.5,95,13.47,5490,0.83,511.6,2.2920000553131104,2.4,51.222683771419106,,,,,,C
377128527,0.860147,1e-06,2459526.65096,14.05,1.01,1.4,5828,59.3,78,12.43,5434,0.86,326.6,3.878999948501587,2.6,38.46771188342237,,,,,,C
148350741,0.902935,2e-06,2458492.57456,6.74,0.67,1.33,3910,18.3,76,12.97,5923,0.91,497.4,7.0920000076293945,4.6,21.05555096446224,,,,,,C
79049049,0.958261,4e-06,2459474.3203,12.21,0.98,1.08,4260,9.4,87,13.38,5190,1.03,514.0,2.4839999675750732,2.7,23.148111246265096,,,,,,C
340201562,0.958909,1e-06,2458657.90459,12.98,0.85,1.52,11318,30.5,67,13.47,4541,0.93,385.0,2.321000099182129,2.1,17.057348850127052,,,,,,C
366569139,0.990928,2e-06,2458492.46656,6.31,0.92,1.26,1230,13.1,160,12.67,6197,1.46,743.2,1.3040000200271606,0.9,37.28582349523067,,,,,,C
13573784,0.999397,1e-06,2458711.60826,13.15,0.92,1.51,5736,19.9,64,13.47,5279,1.11,583.3,2.7720000743865967,3.6,19.321453589430757,,,,,,C
310261847,1.039797,1.5e-05,2458984.85595,12.83,0.69,1.71,11403,9.6,37,12.93,5666,1.05,539.5,6.063000202178955,3.7,49.141525940921184,,,,,,C
371880799,1.069851,9.7e-05,2459670.26594,14.76,0.86,1.24,30020,26.7,12,13.48,3500,0.6,167.5,7.0269999504089355,4.9,19.479442575172257,,,,,,C
90648309,1.075849,3e-06,2458791.38136,6.99,0.95,1.26,1262,9.6,38,11.99,5947,1.45,350.1,5.140999794006348,5.1,19.610136592376097,,,,,,C
437882620,1.090129,5e-06,2459474.66881,7.45,0.93,1.23,2046,9.9,93,13.0,5122,1.16,458.9,1.7269999980926514,3.2,19.51846551127661,,,,,,C
119968345,1.101738,1e-06,2458740.22272,9.84,0.86,1.34,7149,30.3,41,12.82,4955,0.88,323.2,5.368000030517578,3.0,48.36556686116916,,,,,,C
436833396,1.21952,4e-06,2459825.33604,9.85,0.86,1.41,6031,17.2,29,13.3,5686,1.05,621.4,1.493000030517578,5.8,18.396714187002335,,,,,,C
276298378,1.375567,3e-06,2459336.85023,9.15,0.78,1.53,6759,26.2,34,12.61,5499,0.94,374.7,3.5820000171661377,2.8,21.798785256766216,,,,,,C
34640066,1.49292,5e-06,2459037.17987,16.99,0.95,2.32,5446,13.6,28,13.11,5066,1.5,645.1,1.2230000495910645,2.5,32.57032465671809,,,,,,C
397243592,1.516949,3e-06,2458657.79202,3.8,0.89,1.16,753,10.4,48,10.87,5614,1.07,203.3,4.191999912261963,1.8,25.0968412921223,,,,,,C
433354646,1.521446,2e-06,2458791.78355,13.22,0.97,1.78,3224,34.3,39,11.29,5679,1.35,323.6,2.6649999618530273,3.0,23.24781512194241,,,,,,C
299159359,1.540265,3e-06,2458684.62944,6.1,0.94,1.28,1255,15.0,174,12.33,5912,1.34,558.8,1.3209999799728394,13.7,15.297589759865277,,,,,,C
374022531,1.707456,0.000244,2458740.66978,14.31,0.83,1.74,12653,26.6,8,12.89,5371,0.98,435.2,22.549999237060547,1.3,22.80697095214848,,,,,,C
66956957,1.723881,2e-06,2458818.97342,15.02,0.88,1.77,15202,29.9,43,13.36,4354,0.85,297.7,1.805999994277954,1.2,20.637877686776942,,,,,,C
452791569,1.740257,3e-06,2458438.52801,16.38,0.99,1.22,11810,22.7,25,13.43,4995,0.77,346.5,2.7960000038146973,1.2,46.31361840646075,,,,,,C
187272399,1.762564,0.000239,2460776.66613,4.15,0.87,1.0,2669,9.9,10,11.33,4019,0.65,,9.965999603271484,4.6,39.11806961503166,,,,,,C
189819933,1.770507,8e-06,2458844.56935,10.43,0.85,1.85,3843,10.3,32,13.43,6359,1.36,997.6,1.590000033378601,2.4,30.589282356884542,,,,,,C
306484531,1.772903,4e-06,2459448.7486,16.54,0.99,1.59,3726,21.2,68,12.9,6247,1.36,768.2,1.715000033378601,13.2,18.780532043813302,,,,,,C
293197619,1.799106,3e-06,2459448.25719,8.84,0.97,1.21,1563,17.4,33,10.98,6370,1.41,253.1,5.2210001945495605,3.3,32.31526966338299,,,,,,C
446515230,1.804967,9e-05,2460804.47476,11.82,0.9,1.6,6680,60.3,13,10.92,5604,1.07,211.7,0.8610000014305115,1.9,38.575363079728994,,,,,,C
231696754,1.883643,3e-06,2458327.08866,11.33,0.98,1.78,2310,21.5,60,12.23,5827,1.37,539.9,0.9539999961853028,2.7,18.00453795575355,,,,,,C
269949652,1.888267,7e-06,2459884.87765,16.46,1.07,1.06,7262,10.5,23,13.28,4430,0.73,247.8,1.031000018119812,1.8,24.98514578570395,,,,,,C
76174913,1.919029,2e-06,2458655.15074,9.73,0.9,1.62,3240,16.5,55,12.63,6275,1.33,682.3,1.0410000085830688,13.1,18.296676029568665,,,,,,C
118955444,1.982318,4e-06,2458518.90222,8.18,0.78,1.79,4131,16.9,58,13.43,5909,1.09,706.3,1.7899999618530271,15.0,15.574217228185182,,,,,,C
316937757,1.984239,5e-06,2458325.45231,5.29,0.83,1.26,3323,10.5,46,13.34,5271,0.8,439.3,1.9160000085830688,1.8,59.97353147547896,,,,,,C
427279177,2.093121,4e-06,2458740.27463,1.67,0.96,0.67,196,11.0,136,9.69,5269,0.84,86.6,,12.9,19.19914633511007,,,,,,C
51630500,2.161668,0.000598,2459771.36863,18.49,0.99,1.48,10649,11.7,18,13.5,5233,0.92,518.4,0.984000027179718,4.3,32.120125726296536,,,,,,C
5505066,2.219954,5e-06,2458519.60453,2.58,0.93,0.92,608,8.9,67,11.37,5018,0.83,167.3,1.6729999780654907,6.7,23.729893591864652,,,,,,C
77456102,2.225827,5.2e-05,2458793.96914,15.36,1.05,15.77,3933,8.3,29,13.41,5066,0.91,471.5,1.0429999828338623,13.3,16.595190856555757,,,,,,C
19458991,2.233688,1.6e-05,2459475.84673,16.38,0.71,2.44,14188,10.5,37,13.27,5748,1.19,631.6,3.562999963760376,1.7,23.051911026900623,,,,,,C
331618115,2.23881,7e-06,2458818.85142,6.84,0.91,1.45,2432,12.8,71,12.73,5951,1.15,546.8,1.0019999742507937,14.5,17.920029532100905,,,,,,C
19005353,2.78194,7e-06,2458493.65738,7.66,0.16,3.89,2431,12.3,29,12.77,5922,1.44,436.1,17.594999313354492,14.8,15.160772356738956,,,,,,C
279981959,2.967353,6e-06,2458711.39907,3.16,0.94,0.97,890,12.0,262,12.53,4359,0.74,181.6,1.0299999713897705,12.9,20.77055405177487,,,,,,C
236772210,3.032775,6e-06,2458686.33556,9.34,1.03,0.94,979,11.8,248,12.58,5811,0.99,447.4,1.0460000038146973,12.3,26.1826570281505,,,,,,C
155980774,3.23543,6e-06,2458818.0777,15.38,1.01,1.43,7740,14.5,19,13.01,5038,0.85,279.0,1.0820000171661377,14.9,25.586754529763297,,,,,,C
354569933,3.307321,6e-06,2458438.90123,6.65,0.83,1.71,3356,15.1,56,13.41,6108,1.0,713.9,1.440999984741211,7.4,52.06611261156208,,,,,,C
93509198,3.317453,1e-05,2458491.94455,13.02,0.94,1.87,5294,9.0,29,13.47,5783,1.18,765.9,0.975000023841858,6.1,24.673656265065674,,,,,,C
399756350,3.322555,1.7e-05,2458438.91545,5.16,0.84,1.68,1686,12.9,14,11.34,6148,1.05,256.7,1.909000039100647,4.6,16.50094548382457,,,,,,C
371490851,3.336762,1.8e-05,2458873.59685,2.9,0.4,2.34,1252,10.7,17,12.02,4461,0.81,170.4,3.361000061035156,5.4,32.31103662968607,,,,,,C
148274206,3.377513,6e-06,2458469.41759,5.49,0.94,1.26,2031,11.4,50,12.63,5029,0.9,314.7,2.11299991607666,5.2,20.402129563512652,,,,,,C
437430304,3.418897,0.000564,2460778.09185,9.19,0.16,4.22,3740,28.4,5,11.14,6216,1.41,362.2,1.4040000438690186,6.7,39.83800833496568,,,,,,C
405397134,3.551499,7e-06,2458518.82372,9.97,0.92,1.74,4651,11.8,30,13.45,5941,1.12,794.5,1.0210000276565552,8.6,19.546039034500776,,,,,,C
461302636,3.587291,3e-06,2458601.67386,19.61,1.06,1.47,9691,19.3,21,13.03,4727,0.78,283.8,1.0850000381469729,0.6,18.78310480123219,,,,,,C
91051499,3.866608,7e-06,2459828.76774,14.17,0.96,1.84,5463,41.7,10,11.59,6175,1.15,370.6,9.656000137329102,1.3,53.11328440843945,,,,,,C
361979803,3.951364,8e-06,2458845.63182,11.88,0.84,1.81,15963,27.2,16,13.26,4752,0.73,308.9,2.5929999351501465,1.6,46.07362214909189,,,,,,C
128833851,4.050753,5e-06,2458603.67761,17.69,1.06,1.39,3217,15.1,16,11.15,5671,1.03,232.6,1.0750000476837158,1.9,34.805064883870735,,,,,,C
426311306,4.366509,2e-05,2458818.33264,7.49,0.92,1.63,4245,9.9,16,13.01,4203,0.81,224.5,1.7029999494552612,8.8,17.267498040224336,,,,,,C
20771173,4.367018,1.1e-05,2458791.87841,10.71,0.94,1.87,3749,12.3,16,12.48,6362,1.31,609.4,4.704999923706055,2.7,19.03839473691793,,,,,,C
322468337,4.646592,1.3e-05,2458820.20863,12.92,0.96,1.83,6125,11.6,22,13.26,5503,1.01,560.3,1.0110000371932983,4.3,26.06284820462141,,,,,,C
46801759,4.690051,6e-06,2458518.8049,11.16,0.98,1.59,3507,17.0,20,12.53,6305,1.11,562.8,1.440999984741211,4.0,39.95322354886947,,,,,,C
97310715,4.750228,0.000437,2459504.33601,2.86,0.34,20.42,727,8.3,14,11.7,5949,1.11,354.9,2.4830000400543213,6.6,18.442487245975556,,,,,,C
26763000,5.073975,2.4e-05,2458770.69314,9.24,0.85,2.43,4502,10.2,12,13.1,5401,1.16,554.2,3.118000030517578,4.2,18.797437301902885,,,,,,C
199677518,5.247652,2e-05,2458741.30203,15.83,0.97,3.16,5128,29.2,22,12.46,5308,1.27,458.5,1.4229999780654907,3.5,15.080206571343256,,,,,,C
92134828,5.308718,1.2e-05,2458359.03091,2.63,0.91,1.19,906,10.9,12,10.84,4120,0.66,66.0,0.9829999804496764,5.5,55.217387400440714,,,,,,C
237209113,5.656217,2.9e-05,2458686.7154,4.0,0.9,1.84,959,9.8,146,12.64,5663,1.11,481.7,1.2380000352859497,14.1,25.30404171181118,,,,,,C
127754237,6.009789,2.9e-05,2458821.64183,8.06,0.86,2.28,3572,14.0,28,12.44,6293,1.15,534.6,2.1489999294281006,3.1,16.321587858306426,,,,,,C
231705506,6.271886,2.5e-05,2458327.77419,6.27,0.66,3.24,2357,9.5,10,12.98,5502,1.19,598.2,5.2129998207092285,9.9,29.86311593942928,,,,,,C
30053097,6.433367,4.9e-05,2458688.76389,4.93,0.27,3.47,2782,13.5,21,12.8,4644,0.92,295.4,1.50600004196167,15.0,16.308636201239995,,,,,,C
24206577,6.923688,6.1e-05,2459394.98236,5.17,0.14,3.36,3963,9.2,11,13.05,4715,0.81,305.8,1.8020000457763672,6.5,15.824816749771676,,,,,,C
339273980,7.082469,1.8e-05,2458661.45048,8.22,0.91,2.57,2581,10.0,11,11.71,5614,1.35,378.9,1.9989999532699585,6.0,36.385585643876766,,,,,,C
21156269,7.849504,5.1e-05,2458689.17878,5.41,0.55,3.12,2947,14.7,17,12.58,5313,0.96,,16.13599967956543,3.5,22.590827982693646,,,,,,C
461502165,8.012535,3.4e-05,2459771.85129,13.67,1.11,1.08,2633,9.9,9,11.71,5266,0.68,174.8,1.0700000524520874,5.3,26.70272612790269,,,,,,C
192073499,8.107717,1.7e-05,2458842.99623,19.1,1.03,1.83,15068,22.9,10,13.25,5094,0.71,348.1,0.9049999713897704,2.5,29.70841720117669,,,,,,C
130708308,9.024754,2.6e-05,2459317.97876,3.47,0.86,2.38,743,9.8,9,10.91,5326,1.1,195.7,1.656999945640564,2.5,23.189636658803103,,,,,,C
1588051,9.303444,0.000205,2458554.2151,10.85,0.17,3.95,16449,10.0,11,13.19,4676,0.8,313.9,2.0940001010894775,9.2,15.843796832071122,,,,,,C
354445892,9.589368,5.6e-05,2458821.40327,12.5,0.42,4.89,7161,14.6,8,12.62,6297,1.41,640.0,4.38100004196167,0.7,27.956239053806367,,,,,,C
52314569,9.809644,2.2e-05,2458331.9341,3.46,0.95,1.44,1090,10.2,17,11.51,4193,0.73,103.0,1.3450000286102295,3.9,75.29732447732002,,,,,,C
90853724,10.292182,5.7e-05,2459503.96786,19.25,1.1,1.8,4445,12.4,6,11.98,4771,0.85,206.3,1.1059999465942385,2.4,22.42113780172779,,,,,,C
141618383,10.431732,4.1e-05,2458820.14108,18.13,1.1,1.56,1226,12.3,22,11.72,5611,1.08,316.3,1.2209999561309814,4.4,50.25097874176922,,,,,,C
283137678,10.583031,2.9e-05,2458769.04626,9.97,0.86,3.11,3545,20.7,11,11.64,6279,1.37,470.4,37.77799987792969,2.1,31.907659033896607,,,,,,C
187416188,11.120266,5.9e-05,2459801.69856,19.44,0.98,2.86,9113,11.5,5,13.13,5660,1.14,622.8,1.0520000457763672,0.5,33.11779782436486,,,,,,C
399695544,11.537094,5.1e-05,2459451.49407,16.63,1.05,1.96,14811,13.2,6,13.37,3557,0.65,,3.1619999408721924,1.1,39.360959688332656,,,,,,C
99096498,11.656615,8.4e-05,2458842.69652,17.6,0.95,3.25,6941,13.7,7,12.93,6131,1.35,782.8,2.0269999504089355,1.1,20.790625080407,,,,,,C
287837982,11.693317,1.6e-05,2458476.62288,10.29,0.98,1.99,3928,11.8,36,12.86,5524,0.9,404.3,0.9229999780654908,11.6,15.290388002852389,,,,,,C
219742463,11.907078,2.8e-05,2458694.95342,16.34,1.06,1.96,2242,17.0,63,12.51,5608,1.11,466.9,1.1510000228881836,2.5,26.51325015686585,,,,,,C
368156410,12.646868,6.1e-05,2458684.39054,12.18,1.02,1.93,2084,11.0,19,12.51,6209,1.16,576.5,1.006999969482422,7.8,19.101783372580332,,,,,,C
231299021,12.692429,5.6e-05,2458355.19358,2.71,0.49,3.41,1131,10.5,14,12.16,4518,0.8,183.8,1.628000020980835,5.6,38.49212282091386,,,,,,C
205825550,13.519797,3.9e-05,2459805.54132,16.97,1.05,2.18,6166,31.3,5,11.35,4935,0.85,164.0,1.0230000019073486,0.5,16.82725040257651,,,,,,C
218167597,13.689503,0.000196,2459457.36716,8.21,0.17,5.1,5547,12.4,6,13.21,5484,1.06,555.3,4.15500020980835,11.5,69.78483448944331,,,,,,C
219139717,13.838023,5.9e-05,2459069.23761,18.72,1.11,1.82,6326,10.4,4,12.97,4650,0.74,263.7,1.6510000228881836,2.0,19.24603994926975,,,,,,C
410382058,13.988978,3.7e-05,2458826.39169,18.25,1.06,2.15,3326,10.8,8,11.92,5925,1.1,325.9,1.0499999523162842,3.2,25.770386205203657,,,,,,C
158273542,14.248005,0.000187,2458694.85031,7.71,0.91,3.0,1950,10.3,17,12.51,6261,1.34,674.0,1.562999963760376,10.2,16.843982813802143,,,,,,C
218169245,14.948259,6.2e-05,2459450.44077,9.24,0.98,2.57,1772,20.8,9,10.86,6047,1.32,269.8,0.8690000176429749,1.8,27.65231559293732,,,,,,C
369987896,16.560368,4.1e-05,2458340.02795,19.42,1.02,2.91,11001,21.6,7,13.37,4351,0.85,310.1,2.0329999923706055,3.9,94.41314348306156,,,,,,C
408254853,16.88646,9.3e-05,2458775.51191,9.19,0.7,4.38,5765,29.7,6,12.54,4790,1.07,315.1,6.659999847412109,2.8,46.530213980820925,,,,,,C
399549266,17.041976,0.00014,2459832.9943,9.61,0.91,3.23,3738,14.8,4,12.42,5956,1.22,498.1,1.059000015258789,1.9,88.97017539254104,,,,,,C
358089076,17.173955,8.5e-05,2458503.80143,4.35,0.97,1.67,934,12.2,8,10.01,5492,0.9,116.3,1.128999948501587,7.2,22.2534299574676,,,,,,C
297141082,17.252113,0.000137,2458585.10888,2.12,0.23,3.66,964,14.1,6,10.72,4299,0.68,72.3,1.659999966621399,0.7,33.32423384873731,,,,,,C
119285824,17.712052,2.5e-05,2458482.52109,17.52,1.03,2.38,11105,15.1,6,13.4,4787,0.72,327.1,1.0399999618530271,0.7,23.12924234488063,,,,,,C
47249290,17.760751,0.000126,2458523.05188,17.46,0.93,3.9,8422,12.4,6,13.38,6294,1.34,1006.4,0.9100000262260436,3.1,15.386361322416253,,,,,,C
371981699,19.330488,8.9e-05,2458720.64286,17.36,0.95,3.87,6560,12.1,4,12.82,6243,1.4,741.9,1.059999942779541,1.5,30.045419596837732,,,,,,C
154809348,19.843282,1.7e-05,2458835.49676,19.67,0.84,3.87,13459,118.0,11,11.65,6372,1.41,342.7,68.90299987792969,1.4,62.886907729405664,,,,,,C
373516828,19.897984,0.000103,2458809.44254,15.62,0.94,3.84,7225,16.4,9,12.82,6038,1.28,624.5,1.0429999828338623,3.0,19.554392951972687,,,,,,C
13913797,20.509274,6.2e-05,2458452.02918,12.86,1.0,2.5,3294,10.7,7,12.89,6003,1.06,599.2,1.0,1.0,57.55266686013346,,,,,,C
96863203,20.715213,8.1e-05,2458477.62621,17.4,0.92,4.44,7966,19.8,7,13.26,6186,1.42,892.3,1.1740000247955322,1.1,22.12393895344349,,,,,,C
157119927,21.855672,3.3e-05,2458591.62615,10.55,0.96,2.81,4059,27.4,6,11.64,5765,1.04,303.2,1.3309999704360962,6.2,31.16754960456419,,,,,,C
452780076,22.732735,0.000141,2458759.68067,19.82,1.02,3.22,9997,13.6,6,13.16,5185,0.95,420.4,1.027999997138977,1.0,29.448790262383103,,,,,,C
177176292,23.397278,5.7e-05,2458339.33297,11.93,1.05,1.93,2840,9.6,37,13.42,5159,0.77,400.5,1.590000033378601,7.1,25.11977922294591,,,,,,C
409696823,24.949846,3.2e-05,2459044.57998,16.72,1.06,2.58,5507,34.1,5,11.7,4539,0.8,147.1,1.4520000219345093,3.5,86.73257581623814,,,,,,C
321225433,25.669433,0.0001,2458501.19283,6.29,0.86,3.03,3825,12.0,4,12.03,4797,0.85,186.3,15.791000366210938,3.1,52.710432094318634,,,,,,C
285350348,0.622889,0.0,2458791.9765,22.25,1.1,1.81,3246,34.3,94,11.79,5556,1.05,302.1,11.013999938964844,0.9,20.088747134447644,,,,,,likely EB
22233216,0.66956,1e-06,2459390.95427,28.84,1.06,1.59,6341,47.1,126,12.71,6094,1.34,698.7,1.125,0.9,22.36956844855142,,,,,,likely EB
235437034,0.707773,1e-06,2458468.746,25.25,1.06,1.63,4524,33.8,172,13.0,5548,1.28,611.9,0.9570000171661376,4.0,15.746095333288595,,,,,,likely EB
299550996,0.71913,3.2e-05,2459145.30227,16.55,0.91,1.2,18754,44.1,29,13.25,4407,0.79,269.4,7.402999877929688,5.4,47.802429598823835,gaia_orbit P=578.9410,,,,,likely EB
50453718,0.763534,0.000269,2458792.47618,5.76,0.84,1.09,2158,12.1,186,11.82,5347,0.97,226.9,11.83199977874756,4.4,17.97951186887394,gaia_sb1 P=1178.8866,,,,,likely EB
317840217,0.816533,2e-06,2458766.80511,4.41,0.34,1.4,2981,20.1,186,13.0,4429,0.73,233.1,0.8730000257492065,13.0,16.19133265866719,,"gaia_eb 16"" P=1.6331;vsx:E 16"" P=1.6331",,,,likely EB
317840207,0.816534,1e-06,2458766.80366,17.36,1.04,1.72,1845,19.4,186,12.52,5513,1.4,494.0,0.9649999737739564,13.2,16.082947206860208,,"gaia_eb 16"" P=1.6331;vsx:E 16"" P=1.6331",,,,likely EB
231344892,0.847853,3e-06,2458468.50866,5.5,0.21,2.36,1789,10.2,106,13.49,5503,1.27,776.9,0.9589999914169312,14.4,15.328197793490329,,"gaia_eb 15"" P=0.8479;vsx:E 15"" P=0.8478",,,,likely EB
276252704,0.884063,1e-06,2458842.92166,23.99,1.07,1.9,5693,47.1,74,12.62,6221,1.15,531.6,,3.9,86.71719314312467,,,,,,likely EB
422512833,0.892572,0.000181,2460775.89543,22.92,1.02,1.54,5087,9.7,19,13.18,5652,1.43,803.4,3.265000104904175,4.8,47.13320266129956,,,,,,likely EB
257130568,0.946509,1e-06,2458712.03582,4.24,0.88,1.48,560,21.4,93,10.59,5909,1.38,247.3,1.8170000314712524,14.5,15.627746081100993,,"gaia_eb 18"" P=0.9465;vsx:E 18"" P=0.9465",,,,likely EB
371099389,0.998136,0.0,2458571.86298,21.57,1.05,1.4,8707,47.0,197,12.75,4960,0.9,314.4,3.8550000190734863,2.0,21.77329330616189,,,,,,likely EB
420642598,1.029561,1e-06,2458816.91519,33.18,1.1,1.81,4593,42.8,116,12.67,5946,1.47,696.1,1.215999960899353,4.6,17.07020467116038,,,,,,likely EB
354594171,1.122274,0.0,2458765.82214,21.0,0.99,1.69,13657,51.2,54,12.49,3952,0.93,174.0,2.433000087738037,4.8,62.14104853497641,,,,,,likely EB
396739318,1.246673,1e-06,2458817.7715,20.45,0.87,1.62,19360,73.8,63,13.43,5938,1.09,738.5,0.9589999914169312,1.7,23.494003598924294,,,,,,likely EB
427508910,1.532983,3e-06,2458492.10335,20.24,1.08,1.08,3062,10.3,43,13.09,5770,1.11,639.5,0.944000005722046,3.1,19.79510564314907,,,,,,likely EB
347304330,1.724417,1e-05,2458764.86702,0.68,0.13,2.42,45,8.8,113,7.65,5811,0.97,46.9,0.9639999866485596,11.1,24.76921972180205,,"gaia_eb 46"" P=3.4489;vsx:E 46"" P=3.4489",,,,likely EB
19699972,2.219934,0.000228,2460237.24844,31.69,1.07,1.64,8369,13.4,19,12.81,6260,1.35,625.9,1.0570000410079956,2.2,27.10067073075864,,,,,,likely EB
404527945,2.555823,1.4e-05,2458930.18465,21.63,1.02,1.89,4755,11.3,12,13.2,5468,1.37,745.0,0.9879999756813048,8.6,70.85902912837832,,,,,,likely EB
259409663,2.968543,6e-06,2458385.24624,20.52,1.07,1.38,2021,9.0,60,13.31,6050,1.37,956.5,1.0299999713897705,7.4,28.81818773192464,,,,,,likely EB
147896570,3.387093,7e-06,2458686.13377,22.92,0.82,2.36,31975,39.0,55,13.07,6024,0.99,599.6,1.0130000114440918,4.5,66.87107591896913,,,,,,likely EB
379195818,3.593524,1.3e-05,2458657.19842,25.75,1.04,2.13,5007,10.7,20,13.23,6202,1.45,950.7,0.9589999914169312,3.8,18.672159593811937,,,,,,likely EB
308641227,3.663839,6e-06,2458521.02997,21.56,1.11,1.23,2457,10.2,25,12.4,5973,1.08,474.0,0.9459999799728394,12.9,32.95232477049447,,,,,,likely EB
406406338,3.71253,5e-06,2458357.56857,31.37,1.13,1.53,1852,16.5,28,11.63,5704,1.48,423.5,5.730999946594238,4.1,78.915053579995,,,,,,likely EB
233414620,3.797477,4e-06,2458686.16373,26.12,1.13,1.3,2389,20.4,61,12.06,6073,1.19,439.7,0.9729999899864196,10.8,18.06029791980051,,,,,,likely EB
18188079,3.974991,1.6e-05,2459854.19197,38.27,1.08,2.17,10424,17.7,13,13.32,6128,1.49,1004.0,1.0329999923706057,0.1,89.2552915728443,,,,,,likely EB
287232089,4.332068,2.9e-05,2458873.10185,22.55,1.09,1.54,2860,9.9,22,13.1,5931,1.23,743.5,0.8939999938011169,2.3,60.572069285984384,,,,,,likely EB
300819352,4.762496,1.6e-05,2459771.95969,28.5,1.0,2.47,11472,31.0,9,12.08,6452,1.45,,47.507999420166016,0.8,22.67915455516445,,,,,,likely EB
219430498,4.824667,1.6e-05,2458688.12663,26.62,1.11,1.75,7054,13.4,29,13.37,4623,0.98,410.9,1.1200000047683716,5.7,23.16584510410997,,,,,,likely EB
32661233,5.028642,1.1e-05,2458573.94389,24.31,1.09,1.7,4289,12.3,26,13.46,5933,1.18,809.8,1.0019999742507937,6.5,72.35327254874416,,,,,,likely EB
207465265,5.885075,1.2e-05,2458744.11136,21.44,1.14,1.01,555,11.2,37,10.83,6219,1.12,261.0,1.149999976158142,4.6,47.06315868044302,,,,,,likely EB
266641735,5.925307,6e-06,2458330.17103,24.55,0.91,2.56,28113,48.8,11,13.15,5457,0.91,453.7,0.9729999899864196,2.7,84.13734247748272,,,,,,likely EB
376359471,6.021187,1.6e-05,2459798.99222,20.62,0.72,3.38,22569,47.5,6,13.17,5494,1.2,621.1,1.118000030517578,1.9,46.93079435575881,,,,,,likely EB
361570303,6.760096,6e-06,2458631.60432,27.57,1.11,1.8,3595,25.4,16,11.78,6293,1.24,435.0,0.9139999747276306,0.4,26.268225571014824,,,,,,likely EB
403508839,7.322718,2.1e-05,2458628.29921,6.28,0.85,1.87,6033,11.8,18,13.5,3978,0.67,227.4,2.5320000648498535,2.2,17.637867409338927,gaia_orbit P=146.8818,,,,,likely EB
364783379,7.357559,1.3e-05,2459774.82128,26.79,0.99,2.16,27710,56.5,6,12.43,5141,0.88,277.5,5.181000232696533,2.1,51.32491462693884,,,,,,likely EB
260981962,7.387107,5e-06,2458332.64421,36.16,1.15,1.83,5854,54.3,40,12.23,5897,1.24,472.9,5.190999984741211,4.0,44.33213892950035,,,,,,likely EB
150988889,7.561584,1.6e-05,2458772.3577,27.22,1.09,2.02,11566,24.2,20,13.28,5516,1.0,537.8,1.2719999551773071,4.8,63.04115809253586,,,,,,likely EB
446959769,7.659865,7e-06,2458631.59799,20.46,1.13,1.32,4432,27.1,16,11.7,5663,0.8,230.1,0.962000012397766,3.2,21.894328891301846,,,,,,likely EB
329597276,7.679449,1.1e-05,2459011.59644,20.35,0.72,4.44,26878,39.6,9,12.6,5621,1.06,444.7,1.008999943733215,14.2,17.202374164421578,,,,,,likely EB
419134120,7.89464,5.4e-05,2459770.26231,23.03,1.07,1.98,11441,11.9,5,13.05,5364,0.91,445.1,1.034000039100647,0.7,46.56655902684527,,,,,,likely EB
439410480,8.253171,3.6e-05,2458390.45455,26.57,1.15,1.26,451,11.6,6,8.83,5795,1.32,108.8,0.9120000004768372,8.9,24.147477511625556,,,,,,likely EB
220474192,8.529343,5e-06,2458328.24354,27.6,1.16,1.61,3073,30.0,118,12.79,5670,1.06,514.1,2.325000047683716,5.5,67.31245676481116,,,,,,likely EB
440109675,8.615436,1.9e-05,2458765.79587,28.38,1.06,2.8,6269,23.2,8,12.34,5713,1.37,531.3,1.0160000324249268,0.4,47.94425609758321,,,,,,likely EB
303404102,8.789109,1.7e-05,2458550.03266,32.05,1.06,2.47,16479,16.7,23,13.02,6039,1.12,613.9,0.9139999747276306,5.3,17.34655813591077,,,,,,likely EB
67395863,8.877955,2.3e-05,2459506.61351,38.83,1.13,2.22,9041,28.5,11,12.47,5707,1.3,552.0,1.090999960899353,3.0,17.030622853754895,,,,,,likely EB
20574586,9.090607,3.3e-05,2459831.06542,28.83,1.17,1.6,1532,15.3,5,10.57,5557,1.18,198.9,0.968999981880188,2.1,29.268305111830365,,,,,,likely EB
125695080,9.104647,1.4e-05,2459800.59687,19.46,0.98,2.8,7128,89.8,6,10.38,6054,1.25,245.9,13.06999969482422,1.1,22.16678749268706,gaia_sb2 P=9.0980,,,,,likely EB
348999813,9.237356,4.1e-05,2458577.38497,28.7,1.1,2.25,2942,10.8,14,12.72,6120,1.48,762.0,0.984000027179718,9.2,35.52024473890599,,,,,,likely EB
423618930,9.37965,7.9e-05,2458387.18512,35.44,1.11,2.56,7115,10.0,4,13.3,5768,1.43,892.2,1.0410000085830688,2.6,103.88894469269869,,,,,,likely EB
47317959,9.629188,3.5e-05,2458359.39706,26.46,1.1,2.24,2270,10.8,7,12.17,5583,1.39,491.4,1.1519999504089355,4.9,16.82693955183367,,,,,,likely EB
201255713,9.736078,2.8e-05,2458329.15132,21.63,1.07,2.23,7819,14.5,13,13.43,4574,0.93,394.3,1.0670000314712524,6.1,43.71048782728344,,,,,,likely EB
283862049,10.144318,7e-06,2458770.4163,31.89,1.13,2.06,6108,60.1,6,10.69,6099,1.16,240.7,1.9019999504089355,1.5,78.23052841047772,,,,,,likely EB
156838450,10.209036,1.8e-05,2459530.2406,36.73,1.12,2.32,9910,45.0,6,11.51,5644,1.23,325.8,0.8500000238418579,2.0,34.34032646503202,,,,,,likely EB
196523261,10.2199,3.6e-05,2458774.6021,23.33,1.05,2.44,14180,16.6,7,13.45,4660,0.9,378.9,1.1030000448226929,5.7,32.96563097707277,,,,,,likely EB
31098312,10.363993,3.2e-05,2458605.07192,32.08,1.08,2.72,10108,8.3,7,13.39,5622,1.27,771.1,1.555999994277954,1.7,25.337791722657297,,,,,,likely EB
57664746,10.475583,6.9e-05,2459508.8816,24.75,1.07,2.35,9609,13.0,7,13.12,5685,1.03,589.3,1.5720000267028809,5.6,15.028762942368262,,,,,,likely EB
262563128,10.551429,6e-05,2459229.24107,24.18,1.08,2.36,2890,10.2,7,12.58,5702,1.33,592.9,1.194000005722046,5.3,23.452425151868677,,,,,,likely EB
144103633,10.682123,1.5e-05,2458386.48292,26.82,1.08,2.39,12762,24.7,9,13.24,5141,0.96,482.3,0.9419999718666076,5.4,18.41668137788563,,,,,,likely EB
276234447,10.805838,3.2e-05,2458849.97953,28.68,1.02,3.51,8523,26.4,5,12.2,5639,1.45,525.6,1.0920000076293943,2.2,15.820948241594976,,,,,,likely EB
27227723,10.943748,3.4e-05,2458718.07032,30.52,1.14,2.11,3125,11.1,18,12.73,5549,1.29,574.2,1.0180000066757202,4.5,23.832645576736724,,,,,,likely EB
170203078,11.341829,3.3e-05,2458479.48424,27.08,1.12,2.18,5918,12.8,9,12.92,5636,1.08,529.1,1.0449999570846558,3.2,32.01625186313497,,,,,,likely EB
348479020,11.392077,2.1e-05,2458500.67935,22.41,0.91,3.62,13158,19.8,8,13.04,6361,1.41,933.6,0.996999979019165,1.0,26.64697788627582,,,,,,likely EB
176283690,11.419317,3.4e-05,2459090.78694,25.98,1.11,2.28,7582,15.4,8,12.76,4743,0.98,326.1,1.031000018119812,3.2,84.11590435572028,,,,,,likely EB
320525926,11.443796,1.7e-05,2458692.50488,29.33,1.11,2.32,5820,24.1,65,13.12,6082,1.19,753.2,0.9929999709129332,6.3,32.321383182335865,,,,,,likely EB
37817801,11.725857,2.5e-05,2458448.36266,33.8,1.0,3.89,13336,20.4,5,13.38,5580,1.5,890.2,1.888000011444092,2.0,43.99291952576174,,,,,,likely EB
1253291,12.200816,1.4e-05,2458444.73463,20.31,1.09,1.99,5949,19.0,9,12.98,4907,0.83,336.3,1.0579999685287476,2.4,24.14904920140177,,,,,,likely EB
139038419,13.303142,4.8e-05,2458695.43847,30.8,1.04,3.09,11341,27.4,13,12.68,6372,1.28,685.0,1.02400004863739,1.3,20.57872439392329,,,,,,likely EB
13476308,13.644723,3.2e-05,2458521.3509,29.38,0.98,3.68,19701,37.7,6,13.15,5310,1.16,584.6,1.5700000524520874,1.5,18.47218493727076,,,,,,likely EB
408034334,13.862159,2.9e-05,2458686.41014,22.57,1.06,2.17,18861,28.3,7,12.28,4594,0.76,161.3,,2.4,15.51797161233852,,,,,,likely EB
290416944,13.862857,6.6e-05,2458494.88701,26.67,1.13,2.07,3168,10.1,6,12.07,5919,1.19,451.7,7.464000225067139,8.0,47.91146613194997,,,,,,likely EB
247998403,14.047172,3.4e-05,2458725.35595,35.94,1.08,2.84,17181,39.8,8,12.79,5251,1.16,454.9,1.1119999885559082,3.3,18.811579563135567,,,,,,likely EB
306181460,15.44467,4e-05,2458770.10704,33.13,1.14,2.48,6463,21.7,10,12.71,5437,1.18,475.6,1.0540000200271606,1.6,97.18626184567732,,,,,,likely EB
79968526,16.116939,7.3e-05,2459478.35128,20.1,0.97,3.35,10625,28.7,9,12.63,5676,1.09,445.3,0.9900000095367432,1.4,28.32432611176885,,,,,,likely EB
141624239,16.172568,2.5e-05,2458331.44494,27.82,1.13,2.37,6147,21.5,58,13.47,4681,1.0,426.1,0.9800000190734864,1.8,24.40333800189715,,,,,,likely EB
198580454,16.499558,4e-05,2458959.5834,28.38,0.98,3.79,18093,29.7,9,13.35,5495,1.11,651.9,1.1469999551773071,1.8,119.11551368901736,,,,,,likely EB
76039321,16.627633,4.4e-05,2459021.26637,27.87,1.13,2.29,9639,20.4,6,12.67,5391,0.99,370.3,18.599000930786133,1.8,37.61583573709583,,,,,,likely EB
34396678,17.119022,2.8e-05,2458485.07205,21.78,1.03,2.91,5114,18.8,4,11.56,6098,1.27,447.5,45.54399871826172,3.3,61.416674148455506,,,,,,likely EB
386424820,17.369111,6e-05,2458481.61292,32.33,1.01,4.11,13238,22.3,10,13.42,5882,1.42,971.2,0.9459999799728394,1.7,29.81665390975649,,,,,,likely EB
343446855,17.599023,6.1e-05,2458740.12529,30.13,1.08,3.17,7439,11.4,5,12.76,5744,1.29,514.9,1.1230000257492063,1.4,25.35995149786722,,,,,,likely EB
13495201,18.39936,8.2e-05,2459773.23944,40.45,1.17,2.48,3134,16.3,5,11.61,6025,1.47,404.0,0.8309999704360962,10.0,20.316333327780853,,,,,,likely EB
441611660,18.704237,8.9e-05,2458852.79407,23.32,1.14,1.67,1001,8.1,8,10.98,6272,1.15,288.4,0.9789999723434448,4.7,28.732686678172165,,,,,,likely EB
361175209,18.894902,6.6e-05,2458616.91579,24.34,1.04,3.4,7101,13.0,8,13.16,5313,1.22,450.5,1.0099999904632568,3.3,34.16835987896798,,,,,,likely EB
307307788,19.24337,1.9e-05,2458608.76986,27.79,1.07,2.55,18925,39.5,8,12.9,5339,0.9,396.7,0.9990000128746032,2.3,17.79587948540378,,,,,,likely EB
24001227,19.400166,5.5e-05,2458641.56868,32.06,1.05,3.61,20762,27.3,5,13.37,4275,1.07,340.0,1.100000023841858,4.1,30.696848223133713,,,,,,likely EB
115522868,20.201838,7.3e-05,2458974.00844,27.17,1.14,2.15,1721,12.2,9,11.69,5883,1.21,380.0,1.0809999704360962,9.4,48.81388912643356,,,,,,likely EB
136997904,20.494974,0.001122,2458721.43592,4.03,0.84,3.2,981,9.1,3,10.31,5334,1.12,148.8,17.82200050354004,5.7,24.11300950746761,gaia_sb1 P=758.1122,,,,,likely EB
301919409,20.730811,8.2e-05,2458782.48828,24.25,1.07,2.71,17113,19.0,5,13.5,5114,0.86,481.2,2.325000047683716,2.9,51.85274990121717,,,,,,likely EB
138550328,21.726794,0.00017,2458864.38599,21.36,0.9,4.64,15279,15.2,5,13.41,6045,1.28,852.7,1.024999976158142,14.5,18.353341017106462,,,,,,likely EB
314923452,22.097792,0.000112,2458721.20685,36.07,1.07,3.88,13592,16.2,5,13.35,5618,1.35,623.4,2.0820000171661377,1.4,20.08544032446426,,,,,,likely EB
219807839,22.261192,2.9e-05,2458686.30733,27.19,1.13,2.56,8706,31.6,38,13.32,4005,0.9,256.2,1.1299999952316284,3.0,17.348981179593423,,,,,,likely EB
179811533,22.843817,8.6e-05,2458599.76509,22.26,0.83,4.33,31801,24.9,7,13.27,5475,1.0,494.9,0.944000005722046,0.7,23.084446540520194,,,,,,likely EB
201514532,24.021481,0.000416,2458472.51257,24.34,1.12,2.58,5613,13.7,6,12.89,4879,0.95,354.4,2.4670000076293945,4.3,33.56730415659272,,,,,,likely EB
343454693,24.064648,4.1e-05,2458642.37514,30.19,1.11,3.02,9263,17.3,6,12.4,5804,1.09,450.0,1.0230000019073486,1.7,21.657888078361005,,,,,,likely EB
218995077,26.358507,6.4e-05,2458511.71332,23.78,1.01,3.39,22755,16.6,5,13.5,5139,0.85,466.0,1.0369999408721924,0.4,18.305057973810364,,,,,,likely EB
60904795,27.250823,0.000166,2459482.76679,32.88,1.09,3.53,13592,25.1,4,12.85,5386,1.14,354.3,1.1030000448226929,3.2,43.071792987543965,,,,,,likely EB
22328023,27.609364,0.000117,2458574.03322,24.52,1.11,2.57,862,10.5,4,10.4,5932,1.47,254.8,1.3309999704360962,3.1,23.674626255580357,,,,,,likely EB
284851130,28.198667,0.000166,2459515.33107,27.51,1.09,3.1,3787,26.7,4,10.88,5980,1.36,257.1,19.214000701904297,0.8,69.34699857325471,,,,,,likely EB
383626019,28.725648,4.6e-05,2458651.80311,33.77,1.15,2.92,6239,25.7,6,11.94,5149,1.13,284.3,1.0460000038146973,2.1,34.17503891075316,,,,,,likely EB
369676035,3.684153,1.6e-05,2458468.73487,27.3,1.05,1.94,7754,14.5,13,12.38,6112,1.3,568.0,1.4800000190734863,2.3,15.805263457470016,,,2024AJ....167..203M,,,reported
48481940,17.839548,4.1e-05,2458604.38309,10.4,0.53,4.26,12858,21.2,6,13.2,5021,0.87,371.0,0.996999979019165,2.1,46.68457099841879,vsx:EA/BD P=17.8397,,2021MNRAS.505.2741A,,,reported
