TIC,P_d,P_err,T0_BJD,Rp_Re,b,T14_h,depth_ppm,MES,n_transits,Tmag,Teff,Rstar,dist_pc,ruwe,centroid_offset_arcsec,nearest_capable_arcsec,followup_flags,FPP,FPP_sem,NFPP,host_tois,confirmed_planets,literature,period_match,notes,search,status
1441057,2.093531,3e-06,2458440.15903,2.74,0.25,1.67,1886,11.8,63,12.5,3602,0.6,108.9,,1.3,29.06561412374728,,,,,,,,,faint M dwarfs; possible member of the young Octans association (~30 Myr); spot rotation 3.05 d,faint M dwarfs,candidate
165502832,5.085657,1.6e-05,2458684.2392,2.24,0.24,1.95,2048,14.4,175,13.47,3616,0.49,131.8,,7.2,41.891600190284976,,,,,,,,,faint M dwarfs,faint M dwarfs,candidate
26986661,3.996223,1.2e-05,2458872.92039,2.03,0.24,1.43,3389,12.6,30,13.29,3395,0.33,67.4,,4.5,90.22905651321692,,,,,,,,,faint M dwarfs; LP 371-15,faint M dwarfs,candidate
142472039,10.086808,6.7e-05,2458687.06167,2.39,0.29,2.62,1673,11.3,20,12.66,3848,0.55,114.2,,10.3,28.949884318620597,,,,,,,,,faint M dwarfs,faint M dwarfs,candidate
44453747,1.106646,2e-06,2458765.0756,1.29,0.2,0.73,3101,12.3,56,13.45,3088,0.21,35.7,,2.6,44.51619032780271,,,,,,,,,"faint M dwarfs; LHS 1083, an M4.5 dwarf 36 pc away",faint M dwarfs,candidate
233409999,9.578851,4.5e-05,2458685.63178,2.3,0.2,2.35,2522,12.2,31,13.06,3475,0.45,89.5,,4.7,17.607409237381578,,,,,,,,,faint M dwarfs,faint M dwarfs,candidate
257433294,5.34544,8e-06,2458415.29532,1.75,0.39,1.6,1978,7.8,19,12.76,3276,0.38,56.8,,4.0,33.914552779004666,,,,,,,,,faint M dwarfs; flaring M dwarf,faint M dwarfs,candidate
239585318,1.983922,3e-06,2458713.17997,1.37,0.38,0.83,3670,10.3,55,13.43,3121,0.21,36.6,,5.9,15.25272923333744,,,,,,,,,"faint M dwarfs; an equally bright star is 32"" away",faint M dwarfs,candidate
394657305,13.94108,8.8e-05,2458326.57371,3.69,0.32,2.66,7949,7.7,18,13.38,3606,0.46,112.7,,11.9,18.70357893930903,,,,,,,,,"faint M dwarfs; a brighter star (T = 11.0) 18.5"" away could be the source (TIC contamination ratio 1.23)",faint M dwarfs,candidate
377097159,2.604427,8e-06,2459526.65751,1.74,0.51,1.08,2601,11.1,27,12.92,3315,0.31,49.7,,4.4,62.379040191911606,,,,,,,,,faint M dwarfs; slow rotator (57-60 d),faint M dwarfs,candidate
357945537,8.887083,9e-05,2459013.292,2.6,0.6,1.8,3708,7.8,12,12.94,3451,0.41,76.8,,2.4,15.215161922784466,,,,,,,,,faint M dwarfs; LP 335-28,faint M dwarfs,candidate
211405734,7.297477,1e-05,2458331.93486,7.75,0.52,2.21,19396,28.9,9,13.48,3488,0.5,127.2,,4.2,43.46592063258972,,,,,,,,,"faint M dwarfs; listed without a period in a giant-planet (GEMS) team's observing plan, so it may be their unpublished candidate",faint M dwarfs,candidate
