TIC,label,P_d,P_err,T0_BJD,Rp_Re,b,T14_h,depth_ppm,Tmag,Teff,Rstar,dist_pc,centroid,neighbours,notes,status,TRICERATOPS_FPP,TRICERATOPS_NFPP,upcoming_tess_sectors
286763141,TOI-6284 (5.24 d; see status),5.244547698036764,1.0581314810576004e-05,2458546.853134432,0.8454565616953933,0.248929113673291,1.8463075851674828,274.0035276340372,9.72334,3548.0,0.467725,21.0197,"S62 TPF 2.8""; FFI 9.5""/11.7""","none <19.8""",3-planet chain 3.45/5.24/7.35 d; FPP 0.027 (no imaging); S110-113 coverage,previously reported: Tschudi 2026 (arXiv:2607.23781) as TOI-6284.02,0.027,0.000250773036966,"110,111,112,113"
231725883,,9.098777576323169,1.4734025500118264e-05,2458416.8721135426,2.4708521651952307,0.3850867213662928,2.8046416683525477,916.1230538818784,11.3551,5107.0,0.747562,154.614,"6.4""/4.1""/2.7""","none <30""","MES 21, 13 sectors; second signal 4.66 d MES 10.9","previously detected: RAVEN first-stage list (Lafarga et al. 2026), not in their vetted list",,,
354944123,TOI-4342 (third transiting candidate),18.908204,4.69917746777071e-05,2458675.532582056,2.207148,0.746895,2.455591,1154.8725792232606,11.0318,3883.0,0.598175,61.5204,"TPF 7.1""/15.5""/9.5""","none <30""","b,c confirmed; FPP 0.11 before multiplicity boost",no prior report found,0.138,9.540082569940662e-06,
61816225,,12.777031630799229,3.315751019528079e-05,2459315.206315461,1.9925333925728208,0.4836157363639028,3.047376482715789,659.9955531699018,10.0086,4383.0,0.710252,57.1482,"5.0""/1.8""/10.7""","21.9""",FPP 0.03; S111-114 coverage,no prior report found,0.032,7.436290614710056e-07,"111,112,113,114"
458191673,,2.5706872566456065,2.7468988561540897e-06,2458571.2123716455,2.307856824154495,0.5966614595712729,1.68419485779826,859.520291402807,10.1836,4467.0,0.720872,65.7533,"3.4""/2.5""/5.8""","20.2""",MES 17.4; S111-113 coverage,no prior report found,0.034,6.770465442273686e-06,"111,112,113"
422351625,two signals,8.146405482265404,2.06783155896062e-05,2458578.0345024993,2.354468542804194,0.7616516996891489,1.956197886519984,1012.1204825747616,11.1467,4409.0,0.677726,93.429,"11.2""/3.2""/2.4""","none <30""","plus 1.9699 d, 1.46 Re",no prior report found,,,114
422351625,two signals,1.969879129172028,6.377582003946891e-06,2458574.235261736,1.4566520717131783,0.3575330966673213,1.6578528431016717,387.39863920016273,11.1467,4409.0,0.677726,93.429,-,"none <30""",inner signal of the pair,no prior report found,,,114
166321785,,2.4801278616190836,3.788899273882151e-06,2458601.633950302,2.080607661673316,0.6810356978408263,1.5088525431111035,721.5279321296176,11.1458,4383.0,0.709318,96.3499,"5.4""/6.9""/2.9""","2 stars at 9.1""",unresolved neighbours,no prior report found,,,
147226218,,3.87158897265544,1.5593483616571646e-05,2459336.679164467,1.5709870111155744,0.1908137099197658,2.103908897336101,456.9823937840867,10.2903,4843.0,0.672977,77.2852,"4.1""/3.9""","T16.6 at 3.4""",unresolved neighbour,no prior report found,,,
451641911,,3.9097367665757066,8.610878183157311e-06,2458574.3868846204,1.3606878676195713,0.2846534833460466,1.7391983946657048,636.9856663500773,10.9308,3646.0,0.493709,41.1391,"3.4""/8.0""/3.5""","crowded (11.8""+)",contratio 0.46,no prior report found,,,"111,112,113,114"
30470520,,18.7519035130477,5.7291465465070246e-05,2458336.3290105835,1.4513681467451176,0.1232882524747371,4.1525044144696865,422.54675201409975,10.5726,5146.78,0.646573,208.2627,inconclusive,crowded,depth varies by sector,no prior report found,,,
135425484,,8.033495388450802,1.11001659748311e-05,2458575.5661936826,3.1188027092263466,0.9090325827039316,1.4890644930457293,1641.4538798453923,10.9156,4229.0,0.704938,78.6744,"5.9""/10.3""/4.7""","20.2""",b=0.91 near-grazing,no prior report found,,,114
