tic,rank,period,depth_ppm,offset_qual,offset_mean,n_capable_2.5arcmin,nearest_capable_arcsec,flags
302201081,3,23.38470209325235,1602.2653998904798,30.659097200386604,34.43018636419621,5,37.63108044131183,offset
306990399,2,4.705145759602562,1124.5980964714074,1.0396813224365065,9.912651739832947,154,12.701449748397655,close_nb
160585062,3,10.88545492745812,571.6018338403188,72.14616941369671,68.54850629737894,26,45.20404288608442,offset
380671216,1,5.575834439176874,419.4501643392461,3.895567146335516,3.895567146335516,10,45.31395031961005,
408310006,1,27.01703173164893,563.2390205953388,4.332353355601797,6.265815520257805,8,5.614864087573614,close_nb
270494650,1,16.0871460644696,719.7375140065719,28.542107271871693,39.30737218957209,22,28.31762189028312,offset
383313006,1,4.251799485986318,1180.0413262377197,8.896589635552035,6.9309593030763725,43,19.11967790794735,
82452140,1,14.678006412243482,466.53062834297265,15.14037778341745,18.329174210964432,10,12.66608979253246,"offset,close_nb"
420529106,1,21.958447843592047,910.3254027524068,2.2649580501411517,2.484491952122688,135,14.767683392608973,close_nb
154437244,1,11.279768426490572,648.6946687418331,3.523609558797815,2.916554795231048,16,19.030175536226388,
416739490,2,10.56558958089361,624.3217502857988,9.262916059431582,9.097555010580146,12,35.97013716919338,
445837596,1,15.0007372096047,1066.937533447054,12.69207130013699,19.339940318309857,11,17.88082478354571,
410449566,1,7.109105496127893,727.4030159633085,7.764472157866576,8.820384547160291,57,21.329793077692543,
117799904,2,3.291095805969111,475.13576138731327,5.672846099050422,7.431877904912121,12,23.589391441241716,
350861689,1,4.738569751719594,444.9281817168088,133.3173118078133,85.04533699587257,39,34.68268930073372,offset
309845124,1,0.8441801737722727,22004.735622297812,65.27425067950816,65.27425067950816,338,6.867068708585949,"offset,close_nb"
163029327,1,0.9469249558197746,567.9610622627575,13.91896024263418,15.348469947143917,186,5.604300332974295,close_nb
407126408,2,5.450168497053701,223.58323955525452,0.3587110714454654,4.355367212925571,55,9.537848553399208,close_nb
165827520,2,2.004483560502801,1347.7095872164257,8.329885011871305,6.204499765103152,49,19.024418751166237,
119973835,1,6.297909623476445,348.9441932319091,20.07032386662575,20.07032386662575,11,35.39925338076392,offset
441590110,1,6.462539013029628,795.9203774180013,7.28027993488639,29.21443211829958,19,60.67953168829082,
288953761,1,1.5037854230867,4930.617493942192,66.78592204418243,66.43340489271007,55,13.928454906498605,"offset,close_nb"
347944406,1,5.557007452875458,5707.059665237865,42.63253733180434,30.76959619423967,130,3.368456017115723,"offset,close_nb"
146282666,1,9.9950270136021,272.13579801814427,8.066607743406587,16.996953180692593,8,5.712437877759113,close_nb
317134140,1,0.5718606202661835,150.97692829597375,8.962300057950443,12.69291067399697,45,24.126783381787615,
469810663,3,12.690896174942168,481.85611202011336,5.910059868550572,8.790028616050014,25,12.36351953492214,close_nb
72668830,1,2.0005437176115053,288.6850515049326,9.779030313417406,9.779030313417406,8,35.27970702093397,
422217860,2,4.992141102259782,1775.7230852541006,0.6082197707128357,1.757085080858253,7,1.79692399491919,close_nb
354944123,1,18.9082081322553,1133.984078782397,6.476090487372595,7.879927253481426,13,38.24799745122992,
241173474,2,11.141576762274124,581.4093747585528,7.196642481248638,10.64251001071986,9,60.48925098719542,
468983280,2,8.966609119732913,1129.424836423002,5.155338715571921,17.400812055703113,17,63.75538989701486,
402992891,1,8.00585815216588,937.2382405710048,6.8299777413051155,4.855597355388808,5,28.54730802206431,
160585062,1,17.392570827422855,693.3858983430408,9.25192810369238,11.235142930879968,23,45.20404288608442,
247166992,1,10.166238667367994,1537.6037494494858,6.126468265107678,4.649177366950825,26,5.121456489975007,close_nb
9151337,1,6.558756861847711,725.3418269880246,4.681458772984068,4.681458772984068,24,34.00251312336134,
143168991,2,1.7352346129891827,337.27627436246246,21.009439506876447,13.961199277959686,46,6.969841355001583,"offset,close_nb"
423445163,1,6.2125168426760355,1582.7777054751082,0.3797704661771138,2.7298422913055123,25,25.220616175940904,
76228620,1,24.524859284596072,1951.309898761206,4.118978939431307,7.074300537358174,101,10.682216865642808,close_nb
291668351,1,13.221735104859146,5147.724348525983,25.249917951612098,32.91049797791512,302,13.135130238515403,"offset,close_nb"
165337974,1,8.956439512263753,926.920113444556,5.814648613745803,13.22020477901606,265,6.302628856524546,close_nb
