TIC,P_d,Rp_Re,b,ruwe,binary_at_target,tier,src
354944123,18.908204,2.207148,0.746895,0.9810000061988832,,A,candidates.csv
61816225,12.777031630799229,1.9925333925728208,0.4836157363639028,1.1430000066757202,,B,candidates.csv
458191673,2.5706872566456065,2.307856824154495,0.5966614595712729,1.0529999732971191,,B,candidates.csv
422351625,8.146405482265404,2.354468542804194,0.7616516996891489,1.0779999494552612,,A,candidates.csv
422351625,1.969879129172028,1.4566520717131783,0.3575330966673213,1.0779999494552612,,A,candidates.csv
166321785,2.4801278616190836,2.080607661673316,0.6810356978408263,1.2619999647140503,,B,candidates.csv
147226218,3.87158897265544,1.5709870111155744,0.1908137099197658,,,B,candidates.csv
451641911,3.9097367665757066,1.3606878676195713,0.2846534833460466,0.977999985218048,,B,candidates.csv
30470520,18.7519035130477,1.4513681467451176,0.1232882524747371,11.5600004196167,,C,candidates.csv
135425484,8.033495388450802,3.1188027092263466,0.9090325827039316,1.3550000190734863,,C,candidates.csv
242080609,16.955247,1.89,0.28,1.0260000228881836,,B,candidates_2026-10-08.csv
257484419,18.056783,2.58,0.4,1.3250000476837158,,A,candidates_2026-10-08.csv
124094573,13.721761,2.18,0.5,,,B,candidates_2026-10-08.csv
32636748,0.732324,1.43,0.85,,,B,candidates_2026-10-08.csv
117799904,3.291093,1.39,0.27,1.5499999523162842,,C,candidates_2026-10-08.csv
179985715,19.092785,2.56,0.91,2.0309998989105225,,C,candidates_2026-10-08.csv
410449566,7.109099,2.7,0.75,0.9340000152587892,,A,candidates_2026-10-08.csv
383313006,4.251808,2.05,0.7,1.2009999752044678,,A,candidates_2026-10-08.csv
154437244,11.279747,2.84,0.22,0.8629999756813049,,A,candidates_2026-10-08.csv
402992891,8.005848,2.48,0.14,1.1679999828338623,,A,candidates_2026-10-08.csv
317134140,0.571863,1.31,0.21,1.3860000371932983,,A,candidates_2026-10-08.csv
160585062,17.392551,1.78,0.26,1.0410000085830688,,A,candidates_2026-10-08.csv
72668830,2.000544,1.59,0.75,1.3450000286102295,,A,candidates_2026-10-08.csv
445837596,15.000796,2.42,0.32,0.9610000252723694,,A,candidates_2026-10-08.csv
423445163,6.212551,2.75,0.26,0.8790000081062317,,A,candidates_2026-10-08.csv
468983280,8.966677,1.41,0.7,1.0470000505447388,,A,candidates_2026-10-08.csv
165827520,2.004481,1.15,0.45,,,A,candidates_2026-10-08.csv
416739490,10.5656,2.03,0.5,0.9819999933242798,,A,candidates_2026-10-08.csv
441590110,6.46249,4.13,0.74,0.9570000171661376,,A,candidates_2026-10-08.csv
380671216,5.575799,2.29,0.18,0.9639999866485596,,A,candidates_2026-10-08.csv
39516274,14.216035,1.36,0.51,,,A,candidates_2026-10-08b.csv
124573851,9.529248,2.48,0.73,0.9340000152587892,,A,candidates_2026-10-08b.csv
373017346,3.521493,1.79,0.28,0.7580000162124634,,A,candidates_2026-10-08b.csv
351339274,4.225136,0.75,0.63,,,B,candidates_2026-10-08b.csv
105506140,0.706375,1.42,0.95,1.0219999551773071,,C,candidates_2026-10-08b.csv
269728501,50.319649,2.98,0.57,1.2009999752044678,,A,candidates_2026-10-08b.csv
459222850,9.810046,2.03,0.39,1.0770000219345093,,B,candidates_2026-10-08c.csv
100624547,1.922279,8.58,1.0,1.1720000505447388,,C,candidates_2026-10-08c.csv
38017042,4.14126,1.64,0.32,1.1749999523162842,,A,candidates_2026-10-08c.csv
308023474,2.074868,1.24,0.5,,,B,candidates_2026-10-08c.csv
193718989,24.532923,2.58,0.34,1.0369999408721924,,B,candidates_2026-10-08c.csv
333114636,7.510269,2.43,0.74,1.055999994277954,,B,candidates_2026-10-08c.csv
355815567,3.519453,0.89,0.52,,,B,candidates_2026-10-08c.csv
32154846,16.107661,1.62,0.39,1.059999942779541,,B,candidates_2026-10-08c.csv
380095420,9.574513,1.97,0.31,1.059999942779541,,B,candidates_2026-10-08c.csv
386518973,9.159667,1.94,0.41,0.9660000205039978,,B,candidates_2026-10-08c.csv
102034645,4.760759,1.67,0.46,0.968999981880188,,B,candidates_2026-10-08c.csv
118244692,10.249236,2.16,0.54,1.1419999599456787,,B,candidates_2026-10-08c.csv
59214833,4.145226,2.0,0.78,1.0989999771118164,,B,candidates_2026-10-08c.csv
38017042,2.695824,1.44,0.23,1.1749999523162842,,A,candidates_2026-10-08c.csv
137609439,4.294043,2.25,0.71,1.2059999704360962,,B,candidates_2026-10-08c.csv
117798466,14.286705,1.8,0.15,0.8399999737739563,,B,candidates_2026-10-08c.csv
435255286,13.726825,2.1,0.41,,,B,candidates_2026-10-08c.csv
435924571,11.422839,2.6,0.52,1.1109999418258667,,B,candidates_2026-10-08c.csv
1441057,2.093531,2.74,0.25,1.090999960899353,,B,candidates_2026-10-08d.csv
165502832,5.085657,2.24,0.24,1.0360000133514404,,B,candidates_2026-10-08d.csv
26986661,3.996223,2.03,0.24,,,B,candidates_2026-10-08d.csv
142472039,10.086808,2.39,0.29,1.0410000085830688,,B,candidates_2026-10-08d.csv
44453747,1.106646,1.29,0.2,,,B,candidates_2026-10-08d.csv
233409999,9.578851,2.3,0.2,1.0169999599456787,,B,candidates_2026-10-08d.csv
257433294,5.34544,1.75,0.39,1.1970000267028809,,B,candidates_2026-10-08d.csv
239585318,1.983922,1.37,0.38,1.0829999446868896,,B,candidates_2026-10-08d.csv
394657305,13.94108,3.69,0.32,1.0640000104904177,,B,candidates_2026-10-08d.csv
377097159,2.604427,1.74,0.51,1.0850000381469729,,B,candidates_2026-10-08d.csv
357945537,8.887083,2.6,0.6,,,B,candidates_2026-10-08d.csv
211405734,7.297477,7.75,0.52,1.0490000247955322,,B,candidates_2026-10-08d.csv
