ID,sep_arcsec,Tmag,dT,max_ecl_needed
952185751,56.54702279416078,18.3156,7.168900000000001,0.28557362267012165
952185723,62.77459654871395,18.3036,7.1569,0.2824347244960093
951599691,68.56716924559029,18.725,7.578300000000002,0.4163687156651794
422370780,84.79984045307059,11.1511,0.004400000000000404,0.00038897177692035704
422351617,86.19884673292196,15.6862,4.5395,0.025348840039894217
422351616,91.99356652271662,17.527,6.380300000000002,0.13812684461596303
951599707,92.82159887575703,18.6597,7.513000000000002,0.3920650150675702
422351619,92.91641540420991,15.5388,4.392100000000001,0.022130849809406945
952185724,96.75734977987418,17.9207,6.774000000000001,0.19849889379950447
422351618,98.98206404130511,18.0753,6.928599999999999,0.22887485957821033
952185752,106.60342732440799,17.9852,6.8385,0.21064836415900756
422370782,113.13125325240483,18.4285,7.2818000000000005,0.3168677870744527
951599683,118.23153045484761,17.9334,6.7867,0.20083439431633515
422351615,121.33440026851622,17.6157,6.469000000000001,0.14988497190819225
422370775,127.48322611562696,14.3595,3.2128000000000014,0.0074692688340914516
422351620,128.52476282825586,16.9362,5.7895,0.08016007056933921
422351631,133.1893079898199,17.2611,6.1144,0.10812300090894222
422351612,134.23837693520542,16.3058,5.159100000000002,0.04485368108644513
422351627,136.62140168119117,16.9087,5.7620000000000005,0.0781552381638002
422351609,138.29508072935394,13.2004,2.053700000000001,0.0025682546958313663
951599690,138.29508072935394,13.2004,2.053700000000001,0.0025682546958313663
422351611,141.0373858716937,17.2484,6.101700000000001,0.10686563996056615
422351610,141.73375742477623,17.2233,6.076599999999999,0.104423462811447
